Code,Title,points_r1_2021,points_r2_2021,points_r1_2020,points_r2_2020,EOS,Mid
AL801,Software Design for Virtual Reality and Gaming,300,,303,,304,328
AL802,Software Design in Artificial Intelligence for Clo,313,,332,,301,306
AL803,Software Design for Mobile Apps and Connected Devi,350,,337,,309,337
AL805,Computer Engineering for Network Infrastructure,321,,333,,329,442
AL810,Quantity Surveying,328,,319,,307,349
AL811,Civil Engineering,,,320,,,
AL820,Mechanical and Polymer Engineering,327,,308,,300,358
AL830,General Nursing,451,444,442,,410,429
AL832,Mental Health Nursing,440,431,387,384,387,403
AL835,Pharmacology,356,,,,,
AL836,Nutrition and Health Science,346,,334,,352,383
AL837,Sports Science with Exercise Physiology,357,,351,,351,392
AL838,Biotechnology,324,,307,,302,372
AL839,Microbiology,325,,325,,322,371
AL840,Pharmaceutical Sciences,346,,347,,328,411
AL841,Athletic and Rehabilitation Therapy,477,476,430,,423,430
AL842,Bioveterinary Science,338,,313,,310,366
AL843,Physical Activity and Health Science,306,,306,,310,330
AL849,Culinary Entrepreneurship,297,,,,,
AL850,Business,309,,309,,307,356
AL851,Business and Law,302,,295,,301,341
AL852,Accounting,336,,309,,290,346
AL854,Sport Management (with international placement),300,299,302,299,,
AL855,Hospitality Management (with international placeme,309,,308,,312,357
AL857,Digital Marketing,304,,304,,300,360
AL859,International Business,308,,,,,
AL860,Social Care Practice,301,,300,,309,338
AL861,Animation and Illustration (portfolio),575,,578,,615,899
AL863,Graphic and Digital Design (portfolio),747,,781,,703,898
AL864,Early Years Care and Education,306,,307,,307,348
AL870,Applied Psychology,484,467,418,,409,445
CW018,Business (options),307,,298,248,327,349
CW028,Early Childhood Education and Care,260,,252,,252,308
CW038,Art (portfolio),700,,700,,700,700
CW058,Tourism and Event Management,292,,298,,252,262
CW068,Applied Social Studies in Professional Social Care,250,,245,,251,280
CW078,Sustainable Farm Management and Agribusiness,270,,269,,266,320
CW088,Visual Communications and Design,270,,274,,309,345
CW108,Science (options),266,,261,,261,326
CW128,Brewing and Distilling,307,,263,,271,298
CW138,Sport and Exercise Science,430,423,423,,,
CW148,Strength and Conditioning,388,,379,,,
CW188,Sport Rehabilitation and Athletic Therapy,451,,451,448,454,473
CW208,Computer Games Development,272,,279,,281,338
CW238,Software Development,295,,297,,300,343
CW248,Information Technology Management,293,,285,,307,357
CW258,Cybercrime and IT Security,292,,293,,300,328
CW268,Computing in Interactive Digital Art and Design,291,,287,,274,321
CW438,Construction (options),260,251,272,,271,308
CW468,Architectural Technology,291,283,262,,252,290
CW478,Civil Engineering,465,,433,,348,383
CW548,Mechanical Engineering,330,328,321,,310,351
CW558,Electronic Systems,280,,280,,279,338
CW568,Aerospace Engineering,371,359,380,,366,422
CW578,TV and Media Production,318,,325,,327,361
CW708,Law - LLB,292,,302,,298,328
CW728,Product Design Innovation,246,,252,,286,355
CW748,Early Childhood Education and Care,290,,270,,265,338
CW758,Professional Social Care Practice,360,358,336,,290,319
CW808,Media and Public Relations,247,,251,,248,307
CW848,Digital Marketing with Analytics,269,,254,,279,307
CW858,Sports Management and Coaching (options  portfolio,700,,700,,700,700
CW908,Business (options),272,,280,,260,307
CW938,Business with Law,270,,283,,270,288
CW948,Accounting,319,,300,,301,408 
PC405,Social  Political and Community Studies,263,235,253,216,251,296
PC410,Arts and Humanities (fulfils Teaching Council requ,262,230,252,209,203,289
PC411,English and History (fulfils Teaching Council requ,243,224,255,209,168,289 
CR105,Chemical and Biopharmaceutical Engineering,443,,443,,432,498
CR106,Software Development,431,,411,,351,393
CR108,Mechanical Engineering,434,,434,,425,487
CR109,Structural Engineering,396,,394,,341,467
CR110,Automotive Business Management and Technology,336,,311,,318,347
CR112,Creative Digital Media at CIT Crawford College of,390,,361,,335,389
CR116,Computer Systems,365,,332,,318,381
CR121,Music at CIT Cork School of Music,904,904,868,,633,1052
CR125,Popular Music at CIT Cork School of Music,1028,,1088,,972,1021
CR130,Musical Theatre at CIT Cork School of Music,525,,548,518,500,600
CR150,Business Information Systems,350,,335,,326,371
CR210,Contemporary Applied Art (Ceramics  Glass  Textile,450,,,,979,979
CR220,Fine Art at CIT Crawford College of Art and Design,400,,,,620,819
CR225,Photography with New Media at CIT Crawford College,435,,,,920,920
CR305,Physical Sciences (Common Entry),260,,282,,279,309
CR310,IT Management,347,,297,,282,317
CR320,Biomedical Science - Offered jointly by CIT and UC,590,,565,,546,556
CR325,Pharmaceutical Biotechnology,466,,398,,388,422
CR333,Nutrition and Health Science,425,,402,,360,393
CR335,Biological Sciences (Common Entry),473,,420,,381,419
CR340,Analytical Chemistry with Quality Assurance,327,,251,,288,315
CR360,Instrument Engineering,301,,261,,291,329
CR365,Environmental Science and Sustainable Technology,262,,253,,334,362
CR370,Agri-Biosciences,368,,397,,408,431
CR400,Accounting,315,,316,,316,389
CR420,Marketing,290,,285,,288,329
CR425,International Business with Language,279,,298,,300,392
CR430,Sport and Exercise Management,402,,322,,,
CR435,Coaching Science and Sports Pedagogy,410,,,,,
CR440,Montessori Education,409,408,288,,,
CR500,Engineering (Common Entry),475,,411,,381,424
CR510,Sustainable Energy Engineering,320,,320,,319,343
CR520,Biomedical Engineering,444,,444,,434,477
CR560,Architectural Technology,375,,308,,288,332
CR565,Interior Architecture,431,,359,,336,390
CR570,Quantity Surveying,375,,336,,279,342
CR572,Construction Management,300,,269,,253,300
CR580,Electrical Engineering,342,,318,,344,374
CR590,Electronic Engineering,329,,303,,342,411
CR600,Visual Communications at CIT Crawford College of A,280,,,,587,888
CR660,Tourism Management,246,,252,,249,290
CR700,Theatre and Drama Studies at CIT Cork School of Mu,609,609,740,645,768    906, 
CR930,Home Economics and Business,518,,,,,
CK101,Arts - 3 years,300,,300,,300,368
CK102,Social Science,434,431,412,,391,431
CK104,Arts with Music - 3 or 4 years (BMus or Chinese/Eu,339,,302,,340,409
CK105,Film and Screen Media - 3 years or 4 years (Intern,421,420,368,337,397,442
CK107,Geographical and Archaeological Sciences - 3 or 4,312,,328,,326,388
CK108,Arts International - 4 years,440,440,401,,429,466
CK109,English - 3 years or 4 years (International Pathwa,367,357,318,,347,423
CK110,World Languages,488,,452,433,456,506
CK111,Early Years and Childhood Studies,409,403,419,,398,429
CK112,Theatre and Performative Practices - 3 or 4 years,371,,330,,324,470
CK113,Criminology - 3 years or 4 years (International Pa,464,463,423,,408,430
CK114,Social Science (Youth and Community Work),,,,,,
CK115,Social Work - Mature Applicants only,,,,,,
CK118,Digital Humanities and IT - 3 or 4 years (Work Exp,347,339,336,,307,361
CK120,Applied Psychology,544,543,533,532,506,532
CK121,Psychology and Computing - 3 or 4 years (Work Expe,499,488,466,,393,466
CK122,Government and Political Science,399,,337,328,355,410
CK123,Anthropology,308,,308,,,
CK124,Education - Gaeilge,473,,463,462,,
CK125,Sports Studies and Physical Education,564,555,510,509,,
CK201,Commerce,500,499,477,,465,489
CK202,Accounting,553,543,509,,467,506
CK203,Business Information Systems,455,452,430,,409,444
CK204,Finance,566,566,556,,531,555
CK205,Commerce (International) with French,465,,445,,409,473
CK206,Commerce (International) with German,466,455,420,418,408,446
CK207,Commerce (International) with Italian,423,418,388,,408,425
CK208,Commerce (International) with Hispanic Studies,488,486,402,,431,455
CK209,Commerce (International) with Irish,507,,484,,509,528
CK211,Commerce (International) with Chinese Studies,385,,397,,398,420
CK212,Economics (through Transformational Learning) 3 or,445,444,444,,400,429
CK213,Food Marketing and Entrepreneurship,466,,462,,,
CK214,International Development,332,,346,,,
CK301,Law (Pathways) -  3 or 4 years,533,532,507,499,476,519
CK302,Law and French,545,,542,,453,531
CK304,Law and Irish,588,,540,,462,510
CK307,Law and Business,589,589,556,,522,554
CK401,Computer Science,503,495,468,,402,456
CK402,Biological and Chemical Sciences,555,555,510,509,498,520
CK404,Biological  Earth and Environmental Sciences,500,495,467,,412,451
CK405,Genetics,543,,487,,476,496
CK406,Chemical Sciences,532,,485,472,457,488
CK407,Mathematical Sciences,566,,566,565,531,578
CK408,Physics and Astrophysics,566,,554,542,511,566
CK409,Industrial Physics - Offered jointly by UCC and CI,465,,432,,413,532
CK411,Data Science and Analytics,531,,510,,509,542
CK412,Agricultural Science,506,,496,496,457,509
CK504,Nutritional Sciences,555,554,518,,492,509
CK505,Food Science,463,,441,440,444,477
CK600,Engineering,510,509,487,,465,532
CK606,Architecture - Offered jointly by UCC and CIT,543,,484,476,465,496
CK701,Medicine (Undergraduate Entry - HPAT required),738,737,731,,729,740
CK702,Dentistry,625,625,613,613,590,613
CK703,Pharmacy,613,613,590,589,577,589
CK704,Occupational Therapy,601,,566,555,532,554
CK705,Speech and Language Therapy,568,566,520,,509,529
CK706,Public Health Sciences,500,,454,,419,451
CK707,Medical and Health Sciences,578,,542,541,510,543
CK710,General Nursing,498,497,454,,440,466
CK712,Children`s and General Nursing (Integrated),565,,533,,499,520
CK720,Mental Health Nursing,455,452,423,,398,429
CK730,Intellectual Disability Nursing,431,,419,411,359,388
CK740,Midwifery,509,,484,,444,474
CK791,Medicine  - Graduate Entry (GAMSAT required),60,60,57,,58,59 
AC120,International Business,294,294,209,,234,269
AC137,Liberal Arts,271,270,252,,252,275
CT125,Computing and IT,242,242,220,,235,280 
CT325,Business,253,253,338,,,
CM001,Education - Primary Teaching,508,,484,,452,462
CM002,Education - Primary Teaching - Gaeltacht Applicant,462,,,,421,440
CM003,Oideachas â€“ BunmhÃºinteoireacht TrÃ­ MheÃ¡n na Gaeilg,513,,528,,491,506
CM004,Oideachas - BunmhÃºinteoireacht TrÃ­ MheÃ¡n na Gaeilg,480,,494,,492,569
CM010,Education Studies,382,327,319,,317,373
CM020,Early Childhood Education,317,,327,,336,363
DB500,Computing,234,234,218,218,242,320
DB501,Computing (Cloud Computing),,178,227,227,326,329
DB502,Computing (Data Analytics and Big Data),267,233,341,341,269,269
DB503,Computing (Software Development),,,225,225,242,282
DB504,Computing (Web and Mobile Technology),,,,281,227,269
DB510,Audio Production and Music Project Management,217,217,234,223,233,293
DB512,Business Studies,243,210,218,203,229,301
DB514,Business Studies (Law),239,225,252,,269,337
DB515,Business Studies (Human Resource Management),242,217,244,244,225,288
DB517,Marketing (Event Management),233,225,238,,226,327
DB518,Marketing (Digital Media),307,209,,,210,289
DB521,Accounting and Finance,243,228,225,195,225,271
DB524,Business (Information Systems),247,239,342,309,402,402
DB525,Marketing (Digital Media and Cloud Computing),288,288,,,284,309
DB526,Business (Cloud Computing),244,244,347,,253,288
DB527,Applied Social Care,254,219,234,260,235,288
DB531,Marketing,288,176,293,,220,288
DB562,Psychology,244,233,243,229,208,310
DB566,Social Science,262,228,220,227,216,308
DB567,Film and Creative Media,245,213,218,202,192,295
DB568,Law,254,228,219,252,245,308
DB569,Business (Psychology),240,240,252,,279,338
DC001,Education - Early Childhood Education,445,,440,,398,424
DC002,Education - Primary Teaching,518,,488,,462,485
DC003,Education - Primary Teaching - Gaeltacht Applicant,489,,445,,433,473
DC004,Education - Primary Teaching (Church of Ireland Ce,451,,411,409,357,
DC009,Arts (Joint Honours) - Humanities,356,,376,,347,408
DC010,Post Primary Teacher Education - Religious Educati,384,,441,429,386,413
DC011,Post Primary Teacher Education - Religious Educati,409,,412,391,352,389
DC012,Post Primary Teacher Education - Religious Educati,409,,378,,367,415
DC013,Post Primary Teacher Ed - Gaeilge with French/Germ,413,,419,,410,509
DC014,BA in Jazz and Contemporary Music Performance (aud,311,,419,,428,590
DC110,Business Studies International,498,,465,,440,462
DC111,Business Studies,511,,488,,463,479
DC112,Global Business (France),542,,517,510,495,510
DC113,Global Business (Germany),484,,462,,440,476
DC114,Global Business (Spain),544,,522,,501,543
DC115,Accounting and Finance,544,,510,,487,500
DC116,Global Business (USA),613,,579,,578,589
DC117,Aviation Management / Aviation Management with Pil,484,,476,475,463,487
DC118,GnÃ¡ agus Gaeilge / Business and Irish,368,,359,,357,399
DC119,Global Business (Canada),601,,564,,566,577
DC120,Computing for Business,403,402,357,,350,389
DC121,Computer Science,475,,400,,370,418
DC123,Data Science,501,,465,,467,511
DC126,Actuarial Mathematics,577,,560,,520,543
DC127,Common Entry into Actuarial and Financial Mathemat,541,,532,520,509,531
DC131,Communication Studies,421,,407,402,400,441
DC132,Journalism,452,,429,422,401,440
DC133,Multimedia,435,,411,410,403,451
DC155,Applied Language and Translation Studies,427,,387,,371,430
DC161,Analytical Science,498,,498,489,446,463
DC162,Chemical and Pharmaceutical Sciences,531,,521,,488,498
DC163,Chemical Sciences General Entry (Undenominated Ent,466,,,,,
DC166,Environmental Science and Technology,423,,433,399,412,442
DC168,Genetics and Cell Biology,543,,512,510,489,500
DC175,Physics General Entry (options),400,,419,402,,
DC180,Biological Sciences General Entry (Undenominated E,530,,,,,
DC181,Biotechnology,530,,499,495,476,488
DC190,Electronic and Computer Engineering (with choice o,488,,413,,391,433
DC193,Mechatronic Engineering,490,,411,,404,445
DC194,Sustainable Systems and Energy,476,,,,,
DC195,Mechanical and Manufacturing Engineering,500,,425,,401,444
DC197,Biomedical Engineering,510,,423,,402,446
DC200,Common Entry into Engineering (Undenominated Entry,511,510,422,,381,444
DC202,Sport Science and Health,511,,500,498,467,476
DC203,Science Education,462,,435,,424,476
DC204,Athletic Therapy and Training,558,,522,519,484,500
DC205,Physical Education with Biology,565,,531,,490,521
DC206,Physical Education with Mathematics,521,,499,,443,476
DC207,Psychology and Mathematics,521,,,,,
DC208,Psychology,565,,532,521,509,521
DC209,Health and Society,477,,465,440,419,440
DC210,Psychology and Disruptive Technologies,506,,,,,
DC215,General Nursing,456,,454,433,414,443
DC216,Mental Health Nursing,420,,418,403,368,389
DC217,Intellectual Disability Nursing,382,,370,,347,362
DC218,Children`s and General Nursing (Integrated),521,,500,498,467,480
DC230,Economics  Politics and Law,431,,435,,400,431
DC231,International Relations,398,,397,,387,445
DC232,Law and Society (BCL),469,,466,,453,487
DC235,Education and Training - Daytime and Flexible Deli,302,,309,,307,327
DC238,Social Sciences and Cultural Innovation,387,,377,,358,388
DC240,Marketing  Innovation and Technology,499,,476,474,451,474
DC241,Digital Business and Innovation,509,,,,,
DC291,Arts (Joint Honours) - Media Studies,350,,376,,349,392
DC292,Arts (Joint Honours) - Law,400,,403,,356,388
DC293,Arts (Joint Honours) - International Languages,379,,377,,369,400
DC294,Climate and Environmental Sustainability,475,,,,,
DC295,Arts (Joint Honours) - Politics,349,,376,,348,387 
DL822,Arts Management,254,,229,229,209,319
DL823,Business Management,220,,235,,260,316
DL825,Applied Psychology,418,413,379,,349,413
DL826,Graphic Design,591,,855,,736,989
DL827,Art,574,,572,,583,902
DL832,Animation,989,,920,,855,1055
DL833,Photography and Visual Media,671,671,650,,636,791
DL836,Creative Computing,235,,219,,217,326
DL837,New Media Studies,298,293,201,,290,349
DL838,Creative Music Production,713,,754,,746,873
DL839,Interaction and User Experience Design,757,,683,683,,
DL840,Digital Marketing,210,,228,228,,
DL841,English and Equality Studies,277,277,276,,,
DL843,Film,987,874,,,,
DL844,Television,566,,,,,
DL845,Design for Film (degree options),628,,,,,
GC200,Business,269,242,252,252,269,359
GC201,Accounting and Finance,260,226,303,303,251,388
GC230,Computing Science,300,289,335,325,228,327
GC300,Business,264,264,429,,251,302
GC301,Accounting and Finance,,251,253,253,307,314
GC302,Business - HRM,377,377,,,269,269
GC307,Business (Marketing),289,270,,,,
GC400,Business,250,228,248,248,246,297
GC401,Accounting and Finance,242,242,240,227,181,309
GC402,Business (HRM),,,264,236,217,290
GC403,Law,245,242,244,228,225,308
GC407,Business (Marketing),264,264,280,280,246,330
GC430,Computing Science,251,251,252,220,217,269
GC450,Communications and Media Production,225,225,254,254,227,307
GC462,Design Communication (portfolio),300,,,,,
GC489,Interior Architecture (portfolio),288,274,254,,267,361
GC494,Fashion Design (portfolio),351,,337,217,,
BY001,Business,210,210,,,,
ID001,Accounting and Finance,,,203,,229,291
ID002,Business Studies,,,294,,285,366
AD101,First Year Art and Design (Common Entry portfolio),554,,,, ,550
AD102,Graphic Design and Moving Image Design (portfolio),538,,,, ,635
AD103,Textile and Surface Design and Jewellery and Objec,505,,,, ,545
AD202,Education and Design or Fine Art (Second Level Tea,591,,,, ,580
AD204,Fine Art (portfolio),514,,,, ,600
AD211,Fashion Design (portfolio),760,679,,, ,600
AD212,Product Design (portfolio),413,,,, ,600
AD215,Visual Culture,337,300,377,320,300,338
AD217,Illustration (portfolio),738,,,, ,625
AD222,Interaction Design (portfolio),444,,,, ,657
NC003,Computing (Degree Award options),271,,260,,261,316
NC005,Human Resource Management,301,,300,,297,320
NC009,Business,300,,300,,297,339
NC010,Psychology,420,,400,,366,399
NC020,Marketing Practice,270,,280,,270,307
NC022,Accounting and Finance,330,,337,,338,376
NC023,Technology Management (with specialisations),266,,261,,260,303
NC030,Early Childhood Education and Care,251,251,,,,
RC001,Medicine - Undergraduate Entry (HPAT required),741,740,733,,729,733
RC004,Physiotherapy,589,589,566,,532,542
RC005,Pharmacy,613,613,579,,555,566
RC101,Medicine - Graduate Entry (GAMSAT required),,,,,60,62
NM801,Montessori Education,262,,220,,,
NM802,Psychology,228,,,,,
TU801,Sustainable Energy Engineering,235,,235,,,
TU802,Electrical Services and Energy Management,309,,317,300,,
TU804,Engineering (Common Entry with Award options),270,,271,,,
TU805,Engineering (General Entry),466,465,402,,,
TU807,Computer Engineering in Mobile Systems,274,,276,,,
TU810,Mechatronic Engineering,271,,270,,,
TU811,Product Design,440,434,411,,,
TU812,Design Technology and Innovation,278,,270,,,
TU814,Sustainable Transport Management,253,253,285,251,,
TU828,Mechanical Engineering (General Entry),300,,,,,
TU829,Electronic Engineering (General Entry),248,248,,,,
TU831,Architectural Technology,423,,410,,,
TU832,Architecture (Suitability Test and Interview),644,638,622,,,
TU833,Construction Management,396,,367,,,
TU834,Geographic Science,315,,288,,,
TU835,Planning and Environmental Management,330,,313,,,
TU836,Property Economics (Valuation Surveying),411,,401,,,
TU837,Quantity Surveying and Construction Economics,413,,385,,,
TU838,Sustainable Timber Technology,307,271,,,,
TU851,Analytical Chemistry (Environmental  Forensic and,400,,349,,,
TU852,Chemical Sciences with Medicinal Chemistry,477,,476,,,
TU854,Science (General Entry),510,,476,,,
TU855,Science with Nanotechnology,322,,331,319,,
TU856,Computer Science,499,,476,,,
TU857,Computer Science (Infrastructure),403,,391,,,
TU858,Computer Science (International),395,,377,,,
TU859,Computing,251,,217,234,,
TU860,Computing (Information Technology),270,,260,,,
TU861,Computing with Language (French/German/Spanish),235,235,308,308,,
TU862,Computing with Artificial Intelligence Machine Lea,262,,226,226,,
TU863,Digital Forensics and Cyber Security,282,,280,,,
TU864,DNA and Forensic Analysis,500,441,400,390,,
TU865,Cloud Computing,235,,226,,,
TU866,Biomedical and Molecular Diagnostics,522,,487,,,
TU867,Biomedical Science,576,566,524,,,
TU868,Clinical Measurement Science,542,,510,,,
TU869,Environmental Health,387,,336,,,
TU870,Human Nutrition and Dietetics,601,,578,,,
TU871,Optometry,532,,509,,,
TU872,Public Health Nutrition,487,,491,,,
TU874,Mathematical Sciences,294,294,341,,,
TU875,Pharmaceutical Healthcare,451,,400,,,
TU876,Pharmaceutical Science,445,,377,349,,
TU877,Physics Technology,314,314,308,,,
TU878,Physics with Energy and Environment,339,,337,337,,
TU879,Physics with Medical Physics and Bioengineering,346,,351,,,
TU880,Physics with Data Science,412,,578,,,
TU881,Food Innovation,309,,318,,,
TU882,Nutraceuticals in Health and Nutrition,380,,397,,,
TU902,Business (options),270,,271,,,
TU903,Business and Management,477,,463,,,
TU904,Business and Law,462,,462,,,
TU905,Economics and Finance,460,,465,,,
TU906,Human Resource Management,386,377,395,,,
TU907,Logistics and Supply Chain Management,300,,300,,,
TU910,Accounting,420,,444,,,
TU912,Business Analytics,331,311,330,,,
TU914,Business Computing,322,,324,,,
TU917,Law (LLB ) with a Language,356,,342,,,
TU918,Law (LLB),463,,451,,,
TU919,Advertising and Marketing Communications,219,,228,226,,
TU920,Digital Marketing,270,,270,,,
TU921,Digital Marketing Technologies,230,,212,212,,
TU922,Marketing,412,,418,,,
TU924,E-Commerce in Retailing,307,,307,,,
TU925,Retail and Services Management,307,,301,,,
TU932,Business (options),211,,,,,
TU933,Accounting and Finance (campus options),251,,,,,
TU935,Sports Management and Coaching,300,,300,,,
TU936,Sports Science and Health,484,,410,391,,
TU941,Botanical Cuisine,311,,249,,,
TU942,Culinary Arts,252,,212,212,,
TU943,Culinary Entrepreneurship,261,,278,,,
TU944,Culinary Science,336,,316,,,
TU951,International Hospitality and Tourism Management,244,,184,184,,
TU952,International Hospitality Management,309,,300,,,
TU953,Tourism and Digital Marketing,308,,290,,,
TU954,Event Management,326,,356,,,
TU955,Sports and Leisure Management,275,,217,317,,
TU961,Commercial Modern Music (BIMM - assessment/auditio,536,536,608,608,,
TU962,Drama (Performance  audition),448,,379,,,
TU963,Music (audition),364,,416,,,
TU965,International Business and Languages,357,,356,346,,
TU967,Languages and International Tourism,298,,308,,,
TU973,Design - Visual Communication (portfolio),700,,717,,,
TU974,Fine Art (portfolio),549,,709,563,,
TU975,Interior Design (portfolio),544,,632,,,
TU976,Photography (portfolio),700,,695,,,
TU978,Creative Industries and Visual Culture,299,,,,,
TU981,Creative Digital Media,280,,280,,,
TU982,Media Production and Digital Arts,369,,320,311,,
TU983,Film and Broadcasting,462,453,456,451,,
TU984,Game Design,414,,381,,,
TU985,Journalism,367,,322,,,
TU989,Early Childhood Care and Education (campus options,270,,,,,
TU991,Applied Social Studies in Social Care,326,,325,,,
TU992,Community Development and Youth Work,251,,251,,,
TU995,Early Childhood Education,378,,367,,,
TU996,Social Care,407,,400,,,
TU997,Applied Social Care,320,,310,283,,
TR002,Music,508,477,435,429,414,473
TR003,History,552,543,497,493,486,518
TR004,Law,590,589,566,565,532,552
TR005,Philosophy,510,497,442,,391,446
TR006,Psychology,601,590,567,555,555,577
TR007,Clinical Speech and Language Studies,564,,529,,499,529
TR009,Music Education,496,486,420,,430,465
TR015,Philosophy  Political Science  Economics and Socio,613,613,589,,566,577
TR016,Deaf Studies,389,,340,,337,372
TR018,Law and French,602,602,565,,532,554
TR019,Law and German,577,567,543,542,523,555
TR021,Classics  Ancient History and Archaeology,467,462,370,,377,495
TR022,Early and Modern Irish,377,,398,,347,407
TR023,English Studies,546,541,487,476,463,511
TR024,European Studies,566,,544,542,520,544
TR025,Drama and Theatre Studies,543,519,564,530,489,531
TR028,Ancient and Medieval History and Culture,498,463,342,,339,451
TR031,Mathematics,579,578,531,,566,589
TR032,Engineering,556,555,510,509,487,520
TR033,Computer Science,566,549,509,,465,488
TR034,Management Science and Information Systems Studies,625,625,613,,589,602
TR035,Theoretical Physics,590,589,543,,554,601
TR038,Engineering with Management,589,589,532,,499,543
TR039,Computer Science  Linguistics and a Language,443,,454,424,435,498
TR040,Middle Eastern and European Languages and Cultures,520,499,466,,485,518
TR041,Religion,417,,368,,347,393
TR042,Film,531,522,489,476,,
TR043,History of Art and Architecture,498,486,393,354,,
TR051,Medicine (HPAT required),743,743,735,734,730,739
TR052,Dental Science,625,625,613,613,590,602
TR053,Physiotherapy,590,,566,566,533,544
TR054,Occupational Therapy,578,577,533,,500,520
TR055,Radiation Therapy,577,566,543,,510,521
TR056,Human Health and Disease,601,,565,,543,565
TR060,Biological and Biomedical Sciences,578,577,543,543,510,542
TR061,Chemical Sciences,558,554,517,510,488,520
TR062,Geography and Geoscience,495,,473,,435,485
TR063,Physical Sciences,554,543,498,498,498,543
TR064,Environmental Science and Engineering,555,,,,,
TR072,Pharmacy,613,613,590,,555,577
TR080,Global Business,613,,589,,565,577
TR081,Business  Economic and Social Studies (BESS),577,567,543,543,518,542
TR084,Social Studies (Social Work),497,487,462,,420,462
TR085,Business Studies and French,564,,540,531,509,553
TR086,Business Studies and German,530,,509,499,474,495
TR087,Business Studies and Russian,487,,474,465,467,487
TR089,Business Studies and Polish,391,,444,424,393,434
TR090,Business Studies and Spanish,566,,531,,510,543
TR091,General Nursing (Meath and St James`s),462,456,429,,393,420
TR093,General Nursing (Adelaide School of Nursing),473,,430,429,378,409
TR095,Mental Health Nursing,442,,408,,358,377
TR097,Intellectual Disability Nursing,412,410,396,,346,350
TR911,Children`s and General Nursing (Integrated),531,,511,510,476,487
TR913,Midwifery,521,,478,477,423,462
DN100,Architecture,555,,510,,473,509
DN120,Landscape Architecture,463,435,407,,353,403
DN130,City Planning and Environmental Policy,445,424,407,400,367,421
DN150,Engineering (Common Entry),565,,531,521,511,554
DN200,Science (options),577,567,533,,521,554
DN201,Computer Science (Common Entry),554,549,510,,488,509
DN230,Actuarial and Financial Studies,613,613,601,,577,589
DN240,Sustainability,510,,440,,,
DN250,Agricultural Science (options),454,444,456,455,420,462
DN261,Food Science,531,,477,,434,467
DN262,Human Nutrition,566,,531,,493,510
DN300,Veterinary Medicine - Undergraduate Entry,601,,589,,567,589
DN301,Veterinary Medicine - Graduate Entry (GAMSAT requi,,,,,,
DN310,Veterinary Nursing,521,509,478,477,441,487
DN400,Medicine - Undergraduate Entry (HPAT required),743,,737,736,735,745
DN401,Medicine - Graduate Entry (GAMSAT required),61,,,,59,61
DN410,Radiography,566,566,534,532,507,522
DN411,Radiography - Graduate Entry,,,,,,
DN420,Physiotherapy,601,601,578,577,542,555
DN425,Health and Performance Science,544,543,510,509,488,509
DN430,Sport and Exercise Management,484,476,455,445,436,455
DN440,Biomedical  Health and Life Sciences,613,613,590,589,565,579
DN450,General Nursing,462,,429,424,398,420
DN451,Children`s and General Nursing (Integrated),533,,509,506,462,499
DN452,Midwifery,510,509,489,476,409,452
DN453,Mental Health Nursing,442,,397,393,379,403
DN520,Joint Honours (options),381,378,310,,336,408
DN530,Humanities (options),397,388,340,336,348,411
DN541,Modern Languages (options),320,,303,,348,412
DN600,Law (options),576,567,546,544,520,532
DN610,Business and Law,573,567,545,,521,543
DN650,Commerce,555,,521,521,498,510
DN660,Commerce International (options),555,554,517,511,507,531
DN670,Economics and Finance,625,625,613,,601,601
DN700,Social Sciences (options),475,474,421,419,388,441
DN710,Economics,534,532,498,498,476,488
DN720,Psychology,566,564,530,522,517,531
DN750,Social Policy and Sociology,421,,378,,330,366
DK810,Accounting and Finance,307,307,305,305,306,391
DK816,Business Studies,301,301,300,300,300,357
DK820,Computing in Games Development,309,309,311,311,307,369
DK821,Computing in Software Development,320,316,302,302,301,347
DK822,Augmented and Virtual Reality,320,320,307,,,
DK830,Building Surveying,305,,336,,302,349
DK831,Architectural Technology,368,314,389,,301,366
DK832,Construction Management,358,305,387,,300,329
DK843,Engineering (Common Entry),404,391,340,340,303,402
DK844,Mechanical Engineering,336,336,305,305,,
DK845,Electrical and Electronic Engineering,331,331,304,304,,
DK846,Civil Engineering,371,371,391,361,,
DK850,International Tourism Management,303,303,317,317,,
DK861,Arts,302,302,302,302,300,358
DK862,Social Care,322,319,301,,300,338
DK863,Creative Media,336,320,308,308,300,376
DK864,Film and Television Production,308,,300,300,300,332
DK865,Audio and Music Production,352,,301,,301,346
DK870,General Nursing,440,440,403,401,392,401
DK872,Intellectual Disability Nursing,367,366,336,,300,317
DK874,Mental Health Nursing,398,,356,,356,378
DK876,Early Childhood Studies,300,,321,,305,359
DK877,Midwifery,482,477,440,,398,441
DK880,Health and Physical Activity,301,,328,,300,367
DK882,Agriculture (Award options),342,,310,,303,358
DK883,Science (Award options),373,368,358,321,300,369 
DK884,Sustainable Agriculture,348,,,,,
DK885,Agri-Food Production,,,,,,
DK886,Biopharmaceutical Science,379,,301,,,
DK887,Environmental Science,377,,330,,,
GA181,Accounting,303,,309,,303,378
GA182,Business,285,,287,,290,347
GA183,Business Information Systems,298,,296,,309,373
GA184,Marketing and Sales,300,,307,,307,348
GA185,Finance and Economics,318,,293,,307,398
GA186,Business with Entrepreneurship,287,,280,,297,328
GA187,Rural Enterprise and Agri-Business,291,,281,,280,367
GA281,Film and Documentary,310,301,304,,287,360
GA282,Heritage Studies,252,,220,,238,308
GA283,Contemporary Art (portfolio),790,,679,,260,340
GA284,Design,331,,303,,309,377
GA285,Education (Art  Design and Graphics),406,,,,,
GA380,International Hotel Management,218,,242,,225,289
GA381,International Tourism Management,252,,278,,261,290
GA382,Culinary and Gastronomic Science,235,,206,,225,316
GA384,Event Management with Public Relations,230,,212,,209,289
GA480,Construction Management,302,,260,,260,312
GA482,Quantity Surveying and Construction Economics,304,,288,,280,340
GA483,Architectural Technology,281,273,265,,251,321
GA484,Civil Engineering,377,,290,,270,362
GA580,Software and Electronic Engineering,300,,300,,301,351
GA680,Mechanical Engineering,400,,330,,336,389
GA681,Energy Engineering,312,,293,,281,328
GA682,Biomedical Engineering,331,,313,,331,383
GA683,Agricultural Engineering,304,,309,,301,365
GA684,Engineering Common Entry to Manu/Agri/Biomed/Energ,413,,340,,346,406
GA685,Manufacturing Engineering Design,336,,309,,,
GA780,Applied Freshwater and Marine Biology,366,,327,,300,360
GA781,Applied Biology and Biopharmaceutical Science,381,,337,,317,376
GA782,Chemical and Pharmaceutical Science,356,,336,,307,346
GA783,Physics and Instrumentation,301,,363,,373,378
GA784,Science (Undenominated),445,,372,,327,377
GA785,Medical Science,517,510,473,,451,486
GA786,Forensic Science and Analysis,408,,317,,300,366
GA787,Computing in Software Development,310,,270,,275,327
GA788,Computing and Digital Media,270,,274,,270,327
GA789,Agriculture and Environmental Management,340,,287,,297,339
GA790,Sport and Exercise Science,376,366,356,,350,379
GA791,Public Health Nutrition,368,,368,,364,397
GA880,General Nursing,440,,429,422,389,400
GA882,Psychiatric Nursing,369,,367,,346,370
GA885,Outdoor Education,269,,252,,210,298
GA887,History and Geography,201,,244,,228,296
GA889,Applied Social Care,265,,266,,260,297
GA890,Early Childhood Education and Care,281,227,270,,278,319
GA891,Geography and Outdoor Education,261,,244,,,
GA892,Community Development and Youth Work (Level 8),,,,,,
GA980,Education (Design Graphics and Construction),410,,377,,376,389
GA981,Furniture Design and Manufacture,346,,,,271,350
GA982,Furniture Making and Architectural Woodworking,360,,,,270,352
GA983,Furniture and Digital Manufacturing,,,,,,
GA984,Furniture Design  Making and Technology - Common E,486,467,284,,,
GY101,Arts (Joint-Honours),327,326,300,,300,374
GY104,BSc (Psychology),564,555,523,520,507,529
GY105,Arts (History),357,,301,,318,358
GY109,Arts (Mathematics and Education),413,,403,,411,487
GY110,Arts (Children and Youth Studies - options),387,,357,,382,409
GY111,Arts (English and Creative Writing),421,420,330,,402,472
GY113,Arts with Human Rights,413,,368,,338,409
GY115,Arts with Performing Arts Studies,300,,387,,328,367
GY118,Arts (Drama  Theatre and Performance Studies),453,430,451,,410,451
GY119,Arts (Journalism),484,473,400,,410,475
GY122,Na DÃ¡na (CumarsÃ¡id agus Gaeilge),410,,361,,308,399
GY123,Applied Social Sciences,419,,358,,357,388
GY125,Arts (Digital Arts and Technology),403,,328,,324,379
GY127,Arts (Film and Digital Media),430,421,401,,387,435
GY128,Arts (Global Languages),346,,352,,370,440
GY129,Arts (Global Experience),465,,420,,408,477
GY130,Arts (Music),462,,408,,400,444
GY132,Government (Politics  Economics and Law),465,451,407,,402,444
GY133,Education (Computer Science and Mathematical Studi,454,,422,,401,466
GY134,Geography and Geosystems,425,,410,,,
GY135,Arts (Global Media),442,,,,,
GY136,Na DÃ¡na (LÃ©ann Teanga - options),526,,,,,
GY201,Commerce,476,,433,,420,453
GY202,Commerce (International) with French,520,,484,,484,513
GY203,Commerce (International) with German,518,,489,,489,541
GY204,Commerce (International) with Spanish,506,,495,,484,500
GY206,Business Information Systems (Work Placement and O,509,,465,,431,445
GY207,Commerce (Accounting) including optional Global Ex,543,,509,,486,510
GY208,Commerce (Gaeilge),508,,473,,473,488
GY209,Commerce (Global Experience),551,,530,,509,531
GY250,Law and Business,510,,487,,436,467
GY251,Law (BCL),542,,499,,473,498
GY252,Law (BCL) and Human Rights,565,,520,,510,521
GY253,Law and Taxation,506,,509,,,
GY254,Law (BCL)  Criminology and Criminal Justice,548,,530,,,
GY261,Business Studies in International Hotel Management,503,,497,,486,615
GY262,Commerce in International Hotel Management (interv,709,,681,,671,726
GY301,Science,489,488,433,432,400,456
GY303,Biomedical Science,613,,556,,533,566
GY304,Biotechnology,498,495,465,,473,507
GY308,Environmental Science,431,430,408,,413,440
GY309,Financial Mathematics and Economics,509,,487,,454,498
GY310,Marine Science,467,,419,,409,456
GY313,Environmental Health and Safety,412,,412,,402,435
GY314,Earth and Ocean Sciences,422,,403,,402,425
GY318,Biopharmaceutical Chemistry,555,,509,,510,532
GY319,Mathematical Science,543,,476,,456,531
GY320,Physics (Degree options: Applied Astrophysics Biom,465,,402,,401,487
GY321,Genetics and Genomics,532,,508,,,
GY322,Agricultural Sciences,485,,,,,
GY350,Computer Science and Information Technology,495,,403,,425,466
GY401,Engineering (Undenominated),522,520,465,,444,499
GY402,Civil Engineering,533,521,455,,509,543
GY405,Mechanical Engineering,541,,454,,443,499
GY406,Electronic and Computer Engineering,555,,510,,509,547
GY408,Biomedical Engineering,554,,509,,519,543
GY410,Project and Construction Management,431,,403,,434,464
GY413,Energy Systems Engineering,509,,502,,532,589
GY414,Electrical and Electronic Engineering,433,,405,,454,487
GY501,Medicine (five year/six year course  HPAT required,737,737,728,,726,731
GY502,Occupational Therapy,601,,555,,532,543
GY503,Speech and Language Therapy,578,,543,,529,543
GY504,Podiatric Medicine,531,526,443,,434,463
GY515,General Nursing (Galway and Portiuncula),502,496,476,473,442,466
GY516,Mental Health Nursing,475,441,440,,388,413
GY517,Midwifery,520,509,495,,429,468 
LY108,Business - Accounting,312,,309,,318,399
LY118,Business,288,,290,,287,352
LY128,Marketing with Online Technologies,261,261,,,,
LY208,Law,300,290,300,,300,359
LY228,Sports and Exercise - Common Entry,290,,300,,278,330
LY408,Design - Common Entry,301,,320,,307,368
LY508,Fire Safety Engineering,283,,276,,270,299
LY518,Quantity Surveying,304,,301,,307,368
LY528,Construction Management,262,,271,,267,291
LY538,Architectural Technology,234,234,,,,
LY608,Mechanical Engineering,300,,300,,304,333
LY618,Electronic Engineering,321,,312,,307,339
LY708,Applied Computing,320,,306,,300,348
LY748,Computer Science,316,,317,317,,
LY818,Science - Common Entry,302,,303,,302,371
LY828,Agriculture - Common Entry,308,300,307,,300,342
LY908,General Nursing,429,,400,,383,390
LY918,Psychiatric Nursing,367,,357,,291,332
LY928,Intellectual Disability Nursing,357,,326,,288,299
LY968,Early Childhood Care  Health and Education,288,,303,,300,336
LY978,Health and Social Care - Common Entry,279,,280,,260,299
MI001,Contemporary and Applied Theatre Studies,209,,375,,345,381
MI002,Arts,280,,300,281,300,378
MI004,Education - Primary Teaching - International,589,,577,,,
MI005,Education - Primary Teaching,522,,495,,473,506
MI006,Education - Primary Teaching - Gaeltacht Applicant,485,,456,,442,473
MI007,Early Childhood Care and Education,409,,357,,366,402
MI008,Education and Psychology - Primary Teaching,590,,588,,543,555
MI009,Education  Business Studies and Accounting,434,,402,,392,420
MI010,Education  Business Studies and Religious Studies,370,,368,,326,355
MI011,Education  Gaeilge and Religious Studies,407,,409,,377,387
MI012,Education  Gaeilge and Business Studies,387,,401,,398,440
MI013,Education  Mathematics and Gaeilge,509,,444,,433,465
MI014,Education  Mathematics and Business Studies,476,,434,,,
CI110,Counselling and Psychotherapy,292,,310,,,
CI111,Counselling and Psychotherapy with Addiction Studi,290,,301,,,
CI112,Counselling and Psychotherapy with Youth Studies,325,,311,,,
LC110,Art and Design (Common Entry  portfolio),794,,740,,734,918
LC114,Fashion and Textiles for Product and Costume (port,914,,880,,900,988
LC115,Art and Design Teacher Education (LIT and UL  port,993,,942,,,
LC220,Digital Marketing,263,,262,,254,288
LC223,Law and Taxation,331,,307,,308,372
LC224,Accounting and Finance,300,,300,,299,382
LC225,Marketing and Management,298,,298,,298,337
LC226,Enterprise and Innovation,255,,234,234,216,298
LC233,Software Development,280,,272,,300,371
LC234,Immersive Digital Media and Spatial Computing,226,,225,,219,288
LC236,Internet Systems Development,260,,262,260,298,319
LC239,Computer Networks and Systems Management,317,,307,,335,347
LC241,Construction Management,326,,255,,276,303
LC242,Property Valuation and Management,308,,282,,292,328
LC243,Quantity Surveying,278,,294,,281,360
LC248,Built Environment (Common Entry),300,,288,,307,350
LC252,Civil Engineering Management,264,,270,,281,331
LC263,Medical Technology,391,,294,,282,359
LC265,Forensic and Pharmaceutical Sciences,498,,413,,335,368
LC266,Drug and Medicinal Product Analysis,252,,262,,236,299
LC275,Electrical Engineering,361,347,298,,288,340
LC288,Mechanical Engineering,378,369,347,346,307,360
LC289,Precision Engineering,261,,291,,280,369
LC292,Social Care Work,374,,367,,360,389
LC293,Business Studies with Travel and Tourism Managemen,271,264,307,,299,326
LC294,Business Studies with Event Management,279,,279,,271,300
LC295,Business Studies with Sports Management,262,,252,,263,298
LC297,Community and Addiction Studies,272,262,235,,217,269
LC320,Business,381,,346,,337,378
LC330,Business with Computing,328,308,297,,298,326
LC340,Interior Design,391,368,350,,298,349
LC362,Biotechnology and Biopharmaceutical Sciences,429,,413,,379,402
LC371,Creative Broadcast and Film Production,325,310,309,,298,339
LC372,Music Technology and Production,377,,325,,321,369
LC374,Renewable and Electrical Energy Engineering,337,319,318,,317,368
LC375,Industrial Automation and Robotic Systems,309,,317,,321,368
LC376,Electronic Engineering with Computer Systems,357,,318,,308,346
LC380,Automotive Engineering and Transport Management,298,,303,298,282,329
LC392,Business Studies in Beauty and Spa Management,328,317,236,,217,318
LC393,Early Childhood Education and Care,309,276,236,,260,309
LC402,Social Care Work,228,,225,,209,290
LC408,Environmental Science and Climate,279,,279,,262,346
LC416,Business,260,,274,,,
LC418,Computing - Games Design and Development,260,256,270,,271,318
LC422,Applied Strength and Conditioning,289,,298,,288,333
LC502,Game Art and Design (portfolio),841,,852,,838,950
LC517,Creative Media and Design,279,,234,,229,273
LC518,Digital Animation Production (portfolio),807,,808,,816,962
LC612,Social Care Work,309,,320,,319,338
LM002,Arts,360,360,348,,329,388
LM019,Social Sciences,451,,,,,
LM020,Law and Accounting,474,,465,,436,476
LM026,Performing Arts (audition format TBC),329,,303,,307,367
LM028,Criminal Justice,420,,418,,387,409
LM029,Law Plus,530,,490,,473,499
LM038,Psychology and Sociology,530,,500,,478,489
LM039,Journalism and Digital Communication,432,,402,,388,430
LM040,European Studies,409,,369,,350,462
LM044,Applied Languages,429,,442,,404,473
LM050,Business Studies (options),451,,431,,419,455
LM056,International Business,555,,528,,511,543
LM058,Financial Mathematics,468,,403,,434,543
LM063,Technology Management,410,,379,,372,409
LM066,Environmental Science,430,,,,,
LM068,Food Science and Health,464,,421,,400,430
LM076,Product Design and Technology (portfolio required),401,,408,,402,466
LM077,Aeronautical Engineering,567,,520,,469,531
LM082,Construction Management and Engineering,446,,398,,368,404
LM089,Sport and Exercise Sciences,498,,474,,441,466
LM090,Physical Education with concurrent Teacher Educati,552,544,532,,498,520
LM091,Languages with concurrent Teacher Education,506,,517,,,
LM092,Science with Teacher Ed (Biology with Physics/Chem,521,,507,,478,509
LM093,Equine Science,367,,339,,338,381
LM094,Materials and Architectural Technology with concur,475,,440,,405,433
LM095,Materials and Engineering Technology with concurre,425,,367,,358,409
LM096,Science with Teacher Ed (Physical Sciences with Ch,454,,405,,382,422
LM097,Mathematics and Computer Science with concurrent T,465,,402,,,
LM099,Architecture,520,,498,,419,473
LM100,Physiotherapy,613,,589,,565,577
LM101,Medicine  - Graduate Entry (GAMSAT required),57,,55,,55,57
LM102,Psychology,534,,509,,495,519
LM103,Paramedic Studies (Full B/Provisional C1 Drivers L,429,,392,,313,403
LM105,Exercise and Health Fitness Management,441,,,,,
LM115,Chemical and Biochemical Engineering,476,,454,,456,520
LM116,Engineering (Biomedical/Civil/Design and Manufactu,498,,476,,434,498
LM118,Electronic and Computer Engineering,445,,403,,401,498
LM121,Computer Science (Computer Systems/Games Dev/Cyber,402,,351,,352,420
LM122,Creative Media and Interaction Design (Digital Des,382,,327,,330,430
LM123,Biological and Chemical Sc. (Biosci/Envir Sci/Ind,498,,441,,412,455
LM124,Mathematics (Math Science/Maths and Physics/Econom,455,,437,,427,521
LM125,Physics (Applied Physics or Mathematics and Physic,489,,404,,405,509
LM150,General Nursing,498,487,475,,440,463
LM152,Mental Health Nursing,478,466,419,,388,418
LM154,Intellectual Disability Nursing,462,443,420,,381,408
LM156,Midwifery,521,508,469,,429,444
MU001,Theology and Arts,294,294,290,290,290,318
MU002,Theology,,,440,,292,377
MH001,Education - Primary Teaching (Froebel),564,,507,,496,520
MH002,Education - Primary Teaching - Gaeltacht Applicant,,,,,441,
MH003,Early Childhood - Teaching and Learning (full-time,381,,,,,
MH101,Arts,338,336,318,,316,369
MH103,Music,,,,,,367
MH106,Psychology - 3 years,554,,521,,495,499
MH107,Social Science,390,,346,,326,349
MH109,Media Studies,324,,316,,317,377
MH116,Community and Youth Work (Full-Time),,,,,,271
MH201,Science,401,400,360,,350,392
MH202,Biotechnology,490,489,455,,429,446
MH203,Biological and Geographical Sciences,451,,430,,,
MH204,Physics with Astrophysics,422,,422,,420,488
MH206,Theoretical Physics and Mathematics,521,,510,,498,566
MH207,Data Science,444,,445,,434,466
MH208,Biological and Biomedical Sciences,543,,498,,451,476
MH209,Psychology (through Science) - 4 years,529,,498,,473,485
MH210,Pharmaceutical and Biomedical Chemistry,510,,487,,446,466
MH212,Science|Maths and Computer Science|Mathematics (wi,452,443,422,,444,476
MH304,Engineering (Computer/Electronic/Communications),351,351,333,333,371,423
MH305,Product Design,326,,357,,358,411
MH306,Robotics and Intelligent Devices,362,,361,,361,424
MH401,Finance (options),370,,357,,352,392
MH402,Quantitative Finance,476,,476,,476,487
MH403,Accounting and Finance,424,,422,,402,432
MH404,Business (options),441,,430,,400,429
MH407,Business and Accounting,423,,420,,401,420
MH411,Entrepreneurship,378,,371,,358,388
MH501,LLB Law - four year Single Major Law programme,507,,473,,451,476
MH502,Law (options),465,,451,,410,442
MH601,Computer Science through Arts (options),381,,352,,342,369
MH602,Computer Science through Science (options),400,,351,,357,413
MH603,Computational Thinking,520,,532,,520,543
MH801,Early Childhood - Teaching and Learning (part-time,,,327,,347,358
MH802,Community and Youth Work (part-time  in service),,,,,,
MH803,Local Studies/Community Studies (part-time  evenin,,,,,,
AS001,Education  Home Economics and Biology - with concu,542,533,510,,456,497
AS002,Education  Home Economics and Religious Ed - with,464,452,441,434,400,433
AS003,Education  Home Economics and Irish - with concurr,463,457,440,440,421,457
AS051,Nutrition  Food and Business Management,378,347,328,317,337,399
AS054,Home Economics,440,419,408,398,387,401
AS110,General Nursing,440,432,419,,391,409
AS130,Intellectual Disability Nursing,387,358,336,328,317,338
SG141,Business,262,,261,,252,317
SG145,Business and ICT,279,,,,,
SG146,Accounting,304,,309,,307,347
SG147,Sport with Business,288,,307,,269,316
SG148,Tourism with Event Management,298,,269,,246,282
SG150,Business in Marketing,298,,,,,
SG241,Performing Arts,341,,328,,279,348
SG242,Early Childhood Care and Education,287,,279,,278,318
SG243,Social Care Practice,309,,301,,297,338
SG244,Fine Art,501,,505,,355,496
SG245,Creative Design,332,,282,,261,338
SG246,Computing,316,,290,,295,368
SG247,English and Psychology,319,,309,,308,336
SG248,Sociology and Politics,298,,281,,282,320
SG249,Writing and Literature,308,,297,,279,338
SG252,Software Development,310,,307,,300,354
SG253,Computing in Computer Networks and Cyber Security,336,,324,,273,341
SG254,Writing and Literature Online,327,,225,225,,
SG255,Law and Business,291,,,,,
SG341,General Engineering,373,,,,,
SG342,Civil Engineering,418,,415,,,
SG343,Quantity Surveying,300,,311,,261,302
SG344,Mechanical Engineering,412,,,,,
SG346,Construction Project Management and Applied Techno,313,,291,,289,351
SG347,Architecture,403,,360,,309,357
SG348,Interior Architecture and Design,359,,316,,,
SG349,Electronics and Self Driving Technologies,,,,,,
SG350,Robotics and Automation,384,,,,,
SG442,Occupational Safety and Health,307,,290,,289,330
SG443,Human Nutrition,376,,356,,357,419
SG444,Science Undenominated,358,,338,,308,369
SG445,Pharmaceutical Science with Drug Development,357,,311,,347,369
SG447,Health Science and Physical Activity,326,,328,,316,363
SG448,Forensic Investigation and Analysis,308,,306,,306,348
SG449,Medical Biotechnology,315,,341,,329,352
SG450,Environmental Science with Ecology (Level 8),310,,300,,,
TL801,Animation  Visual Effects and Motion Design (Level,718,,281,,281,341
TL802,TV  Radio and New Media (Level 8),322,,325,,306,356
TL810,Computing with Software Development,308,,310,,309,341
TL811,Computing with Games Development,322,,358,,310,334
TL815,Computing (Degree Award options),307,,308,,308,378
TL823,Event Management (3 year programme),293,,299,,291,346
TL831,Business Studies (Major Specialism in: Acctng or M,306,,306,,307,372
TL842,Construction Management,,,,,,
TL844,Agricultural Engineering,301,,300,,311,368
TL845,Civil Engineering,361,,325,,300,364
TL847,Manufacturing Engineering,305,,302,,,
TL848,Agricultural Science,307,,308,,331,362
TL851,Wildlife Biology (Degree Award options),309,,309,,310,362
TL855,Pharmaceutical Science (Degree Award options),316,,317,,342,386
TL858,Veterinary Bioscience,317,,308,,326,369
TL871,Health and Leisure (Degree Award options),303,,300,,303,346
TL872,Health and Leisure with Massage,314,,309,,288,357
TL873,Coaching and Sports Performance,308,,289,,282,336
TL874,Inclusive Sport and Physical Activity,341,,,,,
TL880,Early Childhood Care and Education,309,,307,,307,347
TL881,Social Care,301,,308,,308,356
TL889,Counselling with Addiction - Mature applicants onl,,,,,,
TL890,General Nursing and Mature Applicants,463,,440,414,407,431
TL891,Mental Health Nursing and Mature Applicants,440,419,389,378,367,379 
WD001,Applied Computing (options),270,261,260,260,279,358
WD002,Science (options),279,,308,,302,377
WD005,Health Sciences (options),271,,280,,288,347
WD006,Exercise Sciences (options),270,,280,,282,337
WD007,Engineering (options),270,270,288,288,287,382
WD025,Construction Management and Engineering,262,,269,,269,327
WD027,Music,321,,262,,290,317
WD048,Business (options),279,,271,,278,357
WD084,Accounting,308,,308,,307,403
WD091,Hospitality Management,225,,228,,210,281
WD116,General Nursing,446,,422,,413,430
WD117,Psychiatric Nursing,415,,366,,361,382
WD120,Intellectual Disability Nursing,390,,377,,338,359
WD134,International Business,267,,290,,289,350
WD137,Design (Visual Communications),252,,271,,253,373
WD140,Laws,280,,280,,290,352
WD144,Architecture,309,,284,,283,385
WD147,Pharmaceutical Science,288,,293,,298,363
WD150,Criminal Justice Studies,280,,270,,271,311
WD152,Visual Art,243,,,,253,323
WD161,Computer Forensics and Security,270,,255,,262,401
WD162,Quantity Surveying,226,,216,,260,320
WD163,Psychology,456,,434,,390,429
WD186,Sports Coaching and Performance,261,,270,,276,327
WD187,Social Science,276,,272,,271,321
WD191,Agricultural Science,377,,377,,378,421
WD192,Social Care Practice,271,,270,,279,323
WD193,Marketing and Digital Media,279,,271,,290,358
WD194,Culinary Arts,237,,217,,235,331
WD195,Architectural and Building Information Modelling T,279,,279,,266,305
WD200,Arts (options),201,201,,,221,296
WD210,Software Systems Development,260,,279,,271,329
WD211,Creative Computing,270,,271,,275,322
WD212,Recreation and Sport Management,262,,270,,274,311
WD230,Mechanical and Manufacturing Engineering,230,230,253,,273,348
WD231,Early Childhood Care and Education,266,,,,,
WD232,Business Information Systems,261,261,,,,
AL600,Software Design,,,,,,
AL601,Computer Engineering,,,,219,,
AL602,Mechanical Engineering,,,,,,
AL604,Civil Engineering,,,,,,
AL605,Music and Instrument Technology,,,,,,
AL630,Pharmacy Technician,,,295,,,
AL631,Dental Nursing,,,300,298,,
AL632,Applied Science,,,234,,,
AL650,Business,,,207,,,
AL660,Culinary Arts,,,,,,
AL661,Bar Supervision,,,,,,
AL663,Business (Sport and Recreation),,,,,,
AL701,Computer Engineering with Network Infrastructure,,,216,,,
AL702,Software Design with Artificial Intelligence for Cloud Computing,,,214,,,
AL703,Software Design with Virtual Reality and Gaming,,,216,,,
AL704,Computer Engineering,,,204,,,
AL705,Software Design with Mobile Apps and Connected Devices,,,216,,,
AL710,Mechanical Engineering,,,223,,,
AL711,Mechanical Engineering and Renewable Energy,,,228,,,
AL712,Automation and Robotics,,,252,,,
AL713,Engineering (Common Entry to Mechanical/Renewable/Mechatronic Eng),,,218,,,
AL718,Music and Sound Engineering,,,214,,,
AL721,Civil Engineering,,,233,,,
AL730,Biotechnology,,,250,,,
AL731,Veterinary Nursing,,,400,,,
AL734,Pharmaceutical Sciences (Drug Development and Analysis),,,244,,,
AL740,Exercise and Health Science,,,250,,,
AL751,Digital Marketing,,,241,,,
AL752,Business,,,225,,,
AL761,Hotel and Leisure Management,,,208,,,
AL763,Graphic Design (portfolio),,,781,,,
AL764,Early Years Care and Education,,,260,,,
AL765,Applied Social Studies in Social Care,,,280,,,
CI001,Counselling Skills and Psychotherapy Studies,,,300,,,
CI002,Counselling Skills and Addiction Studies,,,309,,,
CI005,Counselling Skills and Youth Studies,,,306,302,,
CR001,Applied Physics and Instrumentation,,,250,,,
CR006,Applied Biosciences,,,361,,,
CR007,Analytical and Pharmaceutical Chemistry,,,240,,,
CR010,Agriculture (Year 1 - 2 days in Clonakilty Agri College & 3 days in CIT),,,321,,,
CR016,Software Development,,,307,,,
CR021,Business (Common Entry),,,255,,,
CR022,Business Administration,,,190,,,
CR031,Social Care Work,,,346,,,
CR032,Recreation and Leisure Management,,,298,,,
CR035,Community Development,,,100,,,
CR041,Tourism Management,,,216,,,
CR042,Hospitality Management,,,208,,,
CR046,Automotive Technology and Management,,,216,,,
CR051,Civil Engineering,,,248,,,
CR052,Construction,,,251,,,
CR053,Interior Architecture,,,308,,,
CR055,Environmental Engineering,,,258,,,
CR061,Electronic Engineering,,,260,,,
CR062,Electrical Engineering,,,300,,,
CR071,Mechanical Engineering,,,261,,,
CR075,Biomedical Engineering,,,306,,,
CR090,Architectural Technology,,,266,,,
CR094,Nautical Science at National Maritime College of Ireland,,,243,,,
CR095,Marine Engineering at National Maritime College of Ireland,,,255,,,
CR126,Popular Music: Drums at CIT Cork School of Music,,,801,,878,1043
CR127,Popular Music: Electric Guitar at CIT Cork School of Music,,,838,768,584,761
CR128,Popular Music: Keyboards at CIT Cork School of Music,,,840,,839,1009
CR129,Popular Music: Voice at CIT Cork School of Music,,,841,,857,927
CR300,Physical Sciences (Common Entry),,,282,,,
CR620,Early Childhood Education and Care,,,365,357,,
CR640,Culinary Arts,,,244,,,
CR650,Beverage Industry Management,,,209,,,
CR655,Culinary Studies,,,189,,,
CR657,Hospitality Studies,,,180,163,,
CR805,Marine Electrotechnology at National Maritime College of Ireland,,,235,,,
CR888,Information Technology,,,290,,,
CT110,Computing in Information Technology,,,210,,,
CT116,Information Technology,,,219,,,
CW006,Business,,,,,,
CW027,Sustainable Farm Management and Agribusiness,,,266,,,
CW037,Business (options),,,195,,,
CW047,Visual Communications and Design,,,214,181,,
CW057,Art (portfolio),,,700,,,
CW077,Tourism and Event Management,,,217,,,
CW106,Physiology and Health Science,,,451,,,
CW107,Analytical Science,,,277,,,
CW116,Pharmacy Technician Studies,,,250,,,
CW117,Biosciences,,,205,,,
CW126,Science - Applied Biology or Applied Chemistry,,,191,,,
CW206,Computing - Applications or Programming,,,235,,,
CW207,Software Development,,,244,,,
CW217,Information Technology Management,,,234,,,
CW227,Cybercrime and IT Security,,,233,,,
CW237,Computing in Interactive Digital Art and Design,,,212,,,
CW407,Architectural Technology,,,188,,,
CW417,Construction Management with Building Services,,,220,,,
CW427,Civil Engineering,,,199,,,
CW507,Aircraft Systems,,,293,,,
CW517,Mechanical Engineering,,,276,,,
CW527,Electronic Engineering,,,227,,,
CW547,TV and Media Production,,,301,,,
CW706,Legal Studies,,,163,,,
CW707,Industrial Design,,,207,,,
CW717,Professional Social Care Practice,,,288,,,
CW807,Sport Coaching and Business Management - GAA (portfolio),,,700,,,
CW817,Sport Coaching and Business Management - Rugby (portfolio),,,700,,,
CW827,Sport Coaching and Business Management - Soccer (portfolio),,,700,,,
CW837,Digital Marketing with Analytics,,,200,,,
CW906,Business,,,177,,,
CW917,Business (options),,,224,,,
CW926,Business with Law,,,210,,,
CW936,Accounting,,,231,,,
DB516,Financial Services,,,,,328,336
DB528,Applied Social Care,,,,,,
DB534,Sound Engineering and Music Production,,,,,,
DB563,Arts,,,161,189,,
DB571,Business Studies,,,173,211,,
DB572,Business in Accounting,,,119,117,,
DB573,Business in Marketing,,,117,146,,
DB574,Business in Information Technology,,,136,388,,
DB576,Film and Creative Media,,,,,,
DC201,Common Entry into Science (Undenominated Entry),,,498,488,454,477
DC239,"Gaeilge, Iriseoireacht agus na Meáin Dhigiteacha",,,430,,,
DK710,Business and Management,,,120,120,,
DK711,Business and Technology,,,191,,,
DK712,Digital Marketing and Public Relations,,,100,100,,
DK721,Computing,,,106,106,,
DK722,Augmented and Virtual Reality,,,144,144,,
DK730,Building Surveying,,,165,,,
DK731,Architectural Technology,,,332,,,
DK732,Construction Management,,,120,,,
DK740,Engineering - Electrical and Electronic Systems,,,179,179,,
DK742,Engineering - Mechanical Engineering,,,166,166,,
DK744,Engineering - Civil Engineering,,,190,157,,
DK750,Hospitality Management,,,176,176,,
DK752,Event Management,,,175,175,,
DK753,Culinary Arts,,,182,182,,
DK763,"Sport, Exercise and Enterprise",,,233,,,
DK767,Community Youth Work (interview),,,240,240,,
DK768,Audio and Music Production,,,261,,,
DK769,Creative Media,,,165,165,,
DK770,Theatre & Film Practice,,,190,190,,
DK771,Musical Theatre (audition),,,,,,
DK781,Science - Bioscience,,,358,328,,
DK783,Science - Pharmaceutical Science,,,349,317,,
DK784,Veterinary Nursing,,,399,,,
DK860,Music (audition),,,532,532,499,649
DL701,Business - Applied Entrepreneurship,,,,,,
DL821,"English, Media and Cultural Studies",,,212,212,211,317
DL828,"3D Design, Modelmaking and Digital Art",,,506,,691,866
DL829,Design for Stage and Screen (Costume Design),,,593,,817,1021
DL830,Design for Stage and Screen (Character Makeup Design),,,939,,879,953
DL831,Design for Stage and Screen (Production Design),,,781,,893,1073
DL834,Film and Television Production,,,990,,933,1011
DN252,Dairy Business,,,410,,398,428
DN253,Agri - Environmental Sciences,,,418,,403,419
DN271,Forestry,,,311,,303,361
DN272,"Horticulture, Landscape and Sportsturf Management",,,297,282,252,312
DS602,Computing and Multimedia (Level 6 - Higher Certificate),,,,,,
DS603,Computing and Multimedia (Level 6 - Certificate),,,,,,
DS701,Business,,,,,,
DS702,Computing and Multimedia (Level 7),,,,,,
GA160,Business,,,163,163,,
GA170,Business,,,250,,,
GA171,Business Information Systems,,,250,,,
GA172,Rural Enterprise and Agri-Business,,,277,,,
GA174,Marketing and Sales,,,281,,,
GA175,Finance,,,278,,,
GA176,Business with Entrepreneurship,,,278,,,
GA272,Heritage Studies,,,188,188,,
GA273,Contemporary Art,,,702,,,
GA274,Design,,,251,,,
GA360,Business in Tourism,,,172,172,,
GA361,Culinary Arts,,,193,,,
GA362,Hotel and Hospitality Operations,,,240,228,,
GA364,Heritage Studies,,,252,252,,
GA370,Hotel and Catering Management,,,198,,,
GA376,Event Management with Public Relations,,,206,187,,
GA377,International Tourism Management,,,172,,,
GA378,Culinary and Gastronomic Science,,,219,,,
GA470,Construction Management,,,244,243,,
GA471,Quantity Surveying and Construction Economics,,,200,,,
GA472,Architectural Technology,,,226,,,
GA473,Civil Engineering,,,241,,,
GA570,Software and Electronic Engineering,,,224,,,
GA670,Mechanical Engineering,,,265,,,
GA673,Energy Engineering,,,260,,,
GA674,Biomedical Engineering,,,298,,,
GA675,Agricultural Engineering,,,298,,,
GA676,Engineering (Common Entry to Manu/Agri/Biomed/Energy/Mech Eng),,,290,,,
GA677,Manufacturing Engineering Design,,,235,,,
GA770,Applied Freshwater and Marine Biology,,,280,,,
GA771,Applied Biology and Biopharmaceutical Science,,,280,,,
GA772,Chemical and Pharmaceutical Science,,,280,,,
GA773,Physics and Instrumentation,,,299,,,
GA774,Science (Undenominated),,,289,,,
GA775,Computing in Software Development,,,260,,,
GA776,Computing and Digital Media,,,241,,,
GA777,Agriculture and Environmental Management,,,281,,,
GA862,History & Geography,,,178,,,
GA864,Early Childhood Education and Care,,,214,204,,
GA870,Outdoor Education and Leisure,,,182,171,,
GA871,Early Childhood Education and Care,,,190,,,
GA872,Culture and Environment,,,196,,,
GA879,Applied Social Care,,,244,,,
GA974,"Furniture Design, Making and Technology - Common Entry",,,214,,,
GB001,Business,,,,,,
GC250,Communications and Media Production,,,,,,
GC305,International Hospitality Management,,,253,253,327,327
GC306,International Hospitality Management,,,253,253,,
GC335,Computing,,,217,195,,
GC410,Marketing,,,145,,,
GC411,Business,,,135,135,,
GC435,Computing,,,,,,
GC460,Music Production for Games (portfolio),,,,,,
GC465,Communications,,,,,,
GC466,Film and TV Production,,,,,,
GC470,Photographic Media,,,169,169,,
GC475,Photography,,,150,150,,
GC490,Interior Design,,,117,117,,
GC495,Fashion,,,129,129,,
GY107,Na Dána (Gaeilge agus Léann an Aistriúcháin),,,409,,330,397
GY112,Arts with Film Studies,,,321,,338,370
GY120,"Arts (Child, Youth and Family: Policy and Practice)",,,350,,309,346
GY121,Arts (Children`s Studies),,,356,,356,389
GY124,Arts (Arts with Data Science),,,454,,434,466
GY126,Arts (English and Media Studies),,,391,,418,451
GY131,Arts (History and Globalisation Studies),,,360,,340,431
LC221,Accounting and Finance,,,241,,,
LC222,Marketing and Management,,,270,,,
LC228,Sports Development and Coaching,,,205,,,
LC230,Business with Computing,,,217,,,
LC235,Internet Systems Development,,,205,,,
LC251,Civil Engineering,,,206,,,
LC257,Interior Design,,,264,,,
LC260,Applied Biology,,,326,,,
LC267,Forensic and Pharmaceutical Sciences,,,329,,,
LC268,Medical Technology,,,289,,,
LC270,Music Technology and Production,,,307,,,
LC271,Electrical Engineering,,,261,,,
LC276,Creative Broadcast and Film Production,,,297,,,
LC277,Industrial Automation and Robotic Systems,,,232,,,
LC278,Renewable and Electrical Energy Engineering,,,280,,,
LC279,Electronic Engineering,,,214,,,
LC281,Automobile Technology,,,208,,,
LC283,Precision Engineering,,,227,,,
LC284,"Agricultural Mechanisation at Salesian Agricultural College,Pallaskenry",,,200,,,
LC285,Mechanical Engineering,,,272,,,
LC286,Road Transport Technology and Management,,,264,,,
LC290,Community Sport Development,,,188,,,
LC336,Computing,,,207,,,
LC398,Culinary Arts,,,163,,,
LC399,Hospitality Supervision,,,148,,,
LC401,Early Childhood Education and Care,,,297,,298,387
LC414,Data Analytics and Cyber Security,,,236,,,
LC415,Business,,,197,,,
LC423,Sports Strength and Conditioning,,,157,,,
LC425,Environmental Science,,,278,,,
LC428,Environmental Science and Agriculture,,,278,,,
LC432,Early Childhood Education and Care,,,144,,,
LC434,Environmental Science and Agriculture,,,297,,278,347
LC504,Creative Media and Design,,,192,,,
LC602,Social Care Work,,,260,,,
LC603,Early Childhood Education and Care,,,147,,,
LC605,Business,,,195,,,
LC613,Early Childhood Education and Care,,,242,,346,388
LM180,Equine Science,,,337,,,
LY107,Business - Common Entry,,,161,161,,
LY206,Sports Studies,,,149,148,,
LY207,Law with Criminal Justice,,,160,160,,
LY317,Culinary Arts,,,229,224,,
LY327,Hospitality And Tourism - Common Entry,,,170,170,,
LY427,Digital Film and Video,,,172,170,,
LY437,Animation,,,198,223,,
LY447,Fashion with Promotion,,,266,279,,
LY457,Graphic and Digital Design,,,179,204,,
LY507,Quantity Surveying,,,181,181,,
LY527,Civil Engineering,,,165,163,,
LY607,Electronic Engineering,,,160,,,
LY617,Mechanical Engineering,,,180,180,,
LY707,Computer Games Development,,,204,,,
LY717,Computing,,,164,160,,
LY737,Computer Security and Digital Forensics,,,169,169,,
LY806,Pharmacy Technician,,,232,,,
LY816,Dental Nursing,,,233,223,,
LY817,Bioscience,,,248,,,
LY826,Health Science with Physiotherapy Studies,,,456,401,,
LY836,Health Science with Occupational Therapy Studies,,,473,408,,
LY837,Food Science and Nutrition,,,194,194,,
LY846,Health Science with Dietetics Studies,,,316,316,,
LY847,Veterinary Nursing,,,367,367,,
LY867,Pharmaceutical & Medicinal Science,,,163,163,,
LY877,Agriculture,,,202,181,,
LY906,"Early Childhood Care, Health and Education",,,205,161,,
LY916,Health and Social Care,,,181,,,
MH405,Equine Business,,,357,,357,398
NC102,Computing,,,220,,,
NC103,Business,,,250,,,
NC104,Business Computing,,,243,,,
NM701,Montessori Education,,,187,,,
PC402,Arts and Humanities,,,200,121,,
PC404,Applied Social Studies - Professional Social Care,,,217,197,,
SG101,Business,,,160,160,,
SG102,Computing (Level 6 - General Entry),,,254,,,
SG131,Computing - Games Development,,,280,,,
SG134,Applied Sport with Business,,,215,,,
SG135,Business in Tourism with Event Management,,,187,,,
SG136,Computing - Software Development,,,272,,,
SG137,Computing (Computer Networks and Cloud Infrastructure),,,324,,,
SG138,Computing (Level 7 - General Entry),,,260,,,
SG142,Business in International Marketing and Languages (French),,,279,,270,388
SG144,Business in International Marketing and Languages (Spanish),,,270,,280,388
SG231,Fine Art,,,449,449,,
SG232,Creative Design,,,273,,,
SG235,Performing Arts (Theatre Design),,,319,,,
SG236,Performing Arts (Acting),,,235,,,
SG250,Application Design and User Experience,,,412,,290,431
SG251,Computing (Smart Technologies),,,327,,303,391
SG300,Engineering (General Entry),,,209,,,
SG302,Construction Economics,,,184,,,
SG308,Applied Construction Technology,,,171,,,
SG330,Engineering (General Entry),,,243,,,
SG331,Interior Architecture and Design,,,236,,,
SG332,Advanced Wood and Sustainable Building Technology,,,208,,,
SG333,Mechanical Engineering,,,216,,,
SG334,Mechatronic Engineering,,,290,,,
SG336,Precision Engineering and Design,,,309,,,
SG338,Civil Engineering,,,245,,,
SG339,Quantity Surveying,,,195,,,
SG401,Science,,,209,209,,
SG404,Environmental Science with Ecology (Level 6),,,264,264,,
SG406,Health and Exercise Science,,,367,,,
SG431,Pharmaceutical Science with Drug Development,,,269,,,
SG433,Occupational Safety and Health,,,223,,,
SG434,Human Nutrition,,,280,,,
SG435,Health Science and Physiology,,,289,,,
SG436,Biomedical Science,,,262,,,
SG437,Forensic Investigation and Analysis,,,243,,,
SG439,Environmental Science with Ecology (Level 7),,,254,,,
SG530,Health and Medical Information Science (Online),,,285,285,,
SG535,Business Administration,,,228,,,
SG536,Business,,,223,,,
SG537,Marketing and Sales,,,234,,,
TL620,Culinary Arts,,,189,189,,
TL651,Science (Biological and Environmental Studies),,,223,223,,
TL652,Pharmacy Technician,,,260,,,
TL701,"Animation, Visual Effects and Motion Design (Level 7)",,,228,,,
TL702,"TV, Radio and New Media (Level 7)",,,243,,,
TL710,Computing with Software Development,,,232,,,
TL711,Computing with Games Development,,,224,,,
TL715,Computing (Degree Award options),,,251,,,
TL716,Computer Systems and Networking,,,269,,,
TL731,Business (Major Specialism in: Acctng or Mktg or Mgmnt),,,219,,,
TL743,Agricultural Mechanisation,,,,,,
TL744,Agricultural Engineering,,,243,,,
TL745,Civil and Environmental Engineering,,,261,261,,
TL747,Engineering in Mechanical and Manufacturing Engineering,,,200,,,
TL748,Agricultural Science,,,249,,,
TL755,Pharmaceutical Science (Degree Award options),,,261,,,
TL758,Animal Bioscience,,,251,,,
TL771,Health and Leisure (Degree Award Options),,,208,,,
TL772,Health and Leisure with Massage,,,218,,,
TL773,Coaching and Sports Performance,,,106,106,,
TL780,Early Childhood Care and Education,,,234,,,
TL781,Social Care,,,225,,,
TR012,History and Political Science,,,555,554,532,557
TR017,Law and Business,,,602,,576,589
TR020,Law and Political Science,,,602,,567,600
TR029,Political Science and Geography,,,526,520,477,500
TR082,Computer Science and Business,,,555,,510,542
TR083,Sociology and Social Policy,,,498,487,451,474
TR111,Ancient History and Archaeology/Geography,,,352,,,
TR112,Ancient History and Archaeology/History,,,529,,,
TR113,Ancient History and Archaeology/History of Art and Architecture,,,337,,,
TR114,Ancient History and Archaeology/Modern Language,,,337,,,
TR117,Ancient History and Archaeology/Religion,,,342,,,
TR166,Classical Civilisation/English Literature,,,498,496,,
TR173,Classical Civilisation/History of Art and Architecture,,,335,,,
TR177,Classical Civilisation/Modern Language,,,335,,,
TR179,Classical Civilisation/Philosophy,,,499,,,
TR198,Economics/Geography,,,534,,,
TR202,Economics/History,,,534,,,
TR207,Economics/Mathematics,,,566,,,
TR208,Economics/Modern Language,,,534,,,
TR209,Economics/Philosophy,,,534,,,
TR212,Economics/Sociology,,,534,,,
TR228,Classical Languages/English Literature,,,498,,,
TR231,Classical Languages/History of Art and Architecture,,,349,,,
TR233,"Classical Languages/Middle Eastern,Jewish and Islamic Civilisations",,,349,,,
TR239,Classical Languages/Modern Language,,,349,,,
TR262,English Literature/History,,,529,,,
TR263,English Literature/History of Art and Architecture,,,498,497,,
TR269,English Literature/Philosophy,,,499,,,
TR272,English Literature/Sociology,,,498,,,
TR276,English Literature/Drama Studies,,,498,,,
TR277,English Literature/Modern Language,,,498,495,,
TR311,Film/Drama Studies,,,521,,,
TR312,Film/English Literature,,,521,,,
TR320,Film/Music,,,521,,,
TR322,Geography/History,,,529,,,
TR323,Drama Studies/Modern Language,,,473,,,
TR324,Film/Modern Language,,,521,,,
TR325,Film/History,,,529,,,
TR326,Geography/Modern Language,,,352,,,
TR332,Geography/Sociology,,,498,496,,
TR443,History/History of Art and Architecture,,,529,,,
TR447,History/Modern Language,,,529,,,
TR449,History/Philosophy,,,529,,,
TR452,History/Sociology,,,529,,,
TR454,History/Religion,,,529,,,
TR455,History of Art and Architecture/Modern Language,,,334,,,
TR479,History of Art and Architecture/Philosophy,,,499,,,
TR547,"Middle Eastern,Jewish and Islamic Civ./Ancient History and Archaeology",,,337,,,
TR548,"Middle Eastern,Jewish and Islamic Civilisations/Classical Civilisation",,,335,,,
TR554,"Middle Eastern,Jewish and Islamic Civilisations/History",,,529,,,
TR563,"Middle Eastern,Jewish and Islamic Civilisations/Modern Language",,,335,,,
TR564,"Middle Eastern,Jewish and Islamic Civilisations/Music",,,,,,
TR565,"Middle Eastern,Jewish and Islamic Civilisations/Religion",,,342,,,
TR597,Mathematics/Modern Language,,,566,,,
TR598,Mathematics/Music,,,566,,,
TR599,Mathematics/Philosophy,,,566,,,
TR629,Music/Philosophy,,,499,,,
TR635,Music/Drama Studies,,,473,,,
TR636,Music/Modern Language,,,388,,,
TR638,Music/Religion,,,388,,,
TR639,Philosophy/Modern Language,,,499,,,
TR662,Philosophy/Sociology,,,499,,,
TR663,Religion/Classical Civilisation,,,342,,,
TR664,Religion/English Literature,,,498,,,
TR665,Religion/History of Art and Architecture,,,342,,,
TR666,Religion/Modern Language,,,,,,
TR667,French/Modern Language,,,403,,,
TR668,German/Modern Language,,,389,,,
TR669,Irish/Modern Language,,,368,,,
TR670,Italian/Modern Language,,,381,,,
TR671,Russian/Modern Language,,,332,,,
TR672,Spanish/Modern Language,,,336,,,
TR755,Sociology/Drama Studies,,,498,,,
TR756,Sociology/Modern Language,,,498,495,,
TR801,Dental Nursing,,,436,419,,
TR802,Dental Hygiene,,,543,511,,
TR803,Dental Technology,,,531,486,,
TU601,Electronic Engineering,,,232,,,
TU602,Computer Engineering,,,223,,,
TU603,Mechanical Engineering,,,197,197,,
TU641,Bar and Restaurant Management,,,223,,,
TU642,Culinary Arts,,,153,,,
TU643,Culinary Arts (Professional Cookery Practice),,,236,,,
TU644,Food Management and Entrepreneurship,,,223,,,
TU645,Food Science and Management,,,241,,,
TU651,Applied Biology,,,205,196,,
TU652,Computing,,,194,,,
TU653,Computing (Information Technology),,,245,,,
TU654,Pharmacy Technician Studies,,,321,,,
TU655,Computing (Networking Technologies) Learn and Work,,,410,335,,
TU671,Business,,,226,,,
TU672,Business (Common entry),,,180,179,,
TU673,Business Management,,,300,,,
TU674,Business Studies,,,300,,,
TU675,Marketing,,,301,,,
TU676,Retail Management and Marketing,,,290,,,
TU701,Automation Engineering,,,260,,,
TU702,Biomedical Design,,,232,232,,
TU703,Building Engineering,,,260,,,
TU704,Civil Engineering,,,262,,,
TU705,Electrical and Control Engineering,,,243,,,
TU706,Electrical Services Engineering,,,244,,,
TU707,Electronic Engineering,,,224,224,,
TU708,Engineering (Common Entry with Award options),,,225,,,
TU709,Engineering (General Entry),,,370,,,
TU710,Engineering Reliability Management,,,244,,,
TU711,Mechatronic Engineering,,,223,,,
TU712,Sustainable Energy and Environmental Engineering,,,180,180,,
TU713,Computer Engineering,,,221,,,
TU714,Electronics and Communications Engineering,,,264,,,
TU715,Engineering Software,,,181,181,,
TU716,Networking Technology,,,241,,,
TU717,Mechanical Engineering,,,300,,,
TU718,Mechanical Engineering,,,198,198,,
TU719,"Design,Technology and Innovation",,,228,,,
TU720,Automotive Management and Technology,,,232,,,
TU721,Aviation Technology,,,350,,,
TU722,Process Instrumentation and Automation Learn and Work,,,292,292,,
TU731,"Auctioneering, Valuation and Estate Agency",,,290,,,
TU732,Timber Product Technology,,,253,198,,
TU735,Sports Management and Coaching,,,270,,,
TU736,Sports Science and Health,,,410,391,,
TU741,Baking and Pastry Arts Management,,,234,,,
TU742,Culinary Arts,,,155,155,,
TU745,Hospitality Management,,,245,,,
TU746,International Hospitality and Tourism Management,,,170,170,,
TU747,Tourism Management,,,242,,,
TU751,Biosciences,,,407,,,
TU752,DNA and Forensic Analysis,,,390,,,
TU754,Industrial and Environmental Physics,,,270,,,
TU755,Science (General Entry),,,361,,,
TU756,Computing,,,200,195,,
TU757,Computing (Information Technology),,,225,,,
TU758,Digital Forensics and Cyber Security,,,220,,,
TU759,Information Technology Management,,,211,,,
TU760,Bioanalysis,,,204,204,,
TU761,Ophthalmic Dispensing,,,302,,,
TU762,Medicinal Chemistry and Pharmaceutical Sciences,,,364,,,
TU763,Pharmaceutical Science,,,382,349,,
TU771,Business,,,224,,,
TU772,Business (Common Entry with Award options),,,,227,,
TU774,Management,,,195,209,,
TU775,Accounting and Finance,,,260,,,
TU776,Accounting and Finance,,,182,175,,
TU777,Business and Information Technology,,,244,,,
TU778,International Business,,,224,,,
TU779,International Business,,,180,180,,
TU780,Advertising and Marketing Communications,,,179,179,,
TU781,Digital Marketing,,,220,,,
TU782,Digital Marketing,,,179,179,,
TU783,Marketing,,,189,189,,
TU791,Applied Social Studies in Social Care,,,320,,,
TU792,Community and Youth Development,,,101,250,,
TU793,Early Childhood Care and Education,,,220,,,
TU794,Early Childhood Care and Education,,,390,250,,
TU795,Visual Merchandising and Display,,,481,,,
TU796,Creative Digital Media,,,225,,,
TU803,Electronic Engineering,,,243,243,,
TU806,Sustainable Energy Engineering,,,262,,,
TU808,Engineering Software,,,260,260,,
TU809,Mechanical Engineering,,,235,,,
TU813,Automation Engineering,,,218,218,,
TU873,Industrial Mathematics,,,250,250,,
TU901,Business,,,270,,,
TU908,Management,,,262,253,,
TU909,Accounting and Finance,,,285,,,
TU911,Accounting and Finance,,,209,192,,
TU913,Business and Information Technology,,,252,,,
TU915,International Business,,,252,,,
TU916,International Business,,,235,235,,
TU923,Marketing Management,,,228,276,,
TU966,Languages and English Studies,,,366,,,
TU971,Contemporary Visual Culture,,,290,,,
TU972,Creative and Cultural Industries,,,281,,,
TU986,Print Media Technology and Management,,,289,,,
TU993,Early Childhood Care and Education,,,270,,,
TU994,Early Childhood Care and Education,,,321,251,,
WD003,Business,,,,171,,
WD010,Electronic Engineering,,,181,,,
WD011,Mechanical Engineering,,,198,,,
WD013,Legal Studies,,,177,,,
WD018,Applied Social Care,,,171,,,
WD019,Recreation and Sport Management,,,174,,,
WD076,Forestry,,,243,,,
WD094,Architectural Technology,,,166,150,,
WD096,Horticulture (Waterford - Kildalton),,,260,,,
WD097,Horticulture (Dublin - National Botanic Gardens),,,,,,
WD126,Agriculture,,,327,,,
WD139,Civil Engineering,,,206,,,
WD149,Early Childhood Studies,,,271,,288,336
WD151,Software Systems Development,,,,,,
WD153,Multimedia Applications Development,,,163,,,
WD155,Information Technology,,,211,,,
WD159,Business,,,195,,,
WD164,Food Science with Business,,,309,,,
WD172,Culinary Arts,,,,,,
WD173,Hospitality Studies,,,,,,
WD174,Tourism,,,,,,
WD175,Pharmaceutical Science,,,226,,,
WD177,"Science (Mol. Biology with Biopharm.,Food Science with Business,Pharm.)",,,222,,,
WD182,Electrical Engineering,,,,,,
WD184,Retail Management,,,163,,,
WD188,Applied Health Care,,,201,,,
WD205,Molecular Biology with Biopharmaceutical Science,,,228,,,
WD206,Electronic Engineering,,,179,,,
WD207,Mechanical Engineering,,,198,,,
WD208,Manufacturing Engineering,,,188,,,
AL853,Accounting and Law,,,,,305,320
CW178,Sport Science (options),,,,,399,424
CK116,Sports Studies and Physical Education,,,,,499,520
CK502,Food Marketing and Entrepreneurship,,,,,433,456
CK506,International Development and Food Policy,,,,,367,410
DC005,Education - Primary Teaching - Irish Sign Language,,,,,316,316
DC167,Physics with Astronomy,,,,,434,477
DC171,Applied Physics,,,,,402,433
DC173,Physics with Biomedical Sciences,,,,,402,458
DT001,Product Design,,,,,433,464
DT028,Transport Operations and Technology,,,,,279,348
DT035,Electrical Services and Energy Management,,,,,293,340
DT066,Engineering (General Entry),,,,,400,457
DT101,Architecture (test and interview),,,,,618,647
DT106,Planning and Environmental Management,,,,,312,337
DT110,Property Economics (Valuation Surveying),,,,,367,424
DT111,Quantity Surveying and Construction Economics,,,,,391,421
DT112,Geographic Science,,,,,287,335
DT117,Construction Management,,,,,356,373
DT175,Architectural Technology,,,,,388,425
DT201,Science (General Entry),,,,,464,477
DT203,Analytical Chemistry (Environmental Forensic and Pharmaceutical),,,,,341,403
DT204,Biomedical Science,,,,,501,512
DT205,Mathematical Sciences,,,,,315,363
DT206,Biomedical and Molecular Diagnostics,,,,,473,487
DT211,Computer Science (Infrastructure),,,,,381,414
DT220,Industrial Mathematics,,,,,300,317
DT221,Physics with Energy and Environment,,,,,348,436
DT222,Physics Technology,,,,,321,371
DT223,Human Nutrition and Dietetics,,,,,553,566
DT224,Optometry,,,,,487,529
DT225,Public Health Nutrition,,,,,440,476
DT227,Science with Nanotechnology,,,,,312,361
DT228,Computer Science,,,,,451,466
DT229,Clinical Measurement Science,,,,,491,509
DT235,Physics with Medical Physics and Bioengineering,,,,,357,403
DT282,Computer Science (International),,,,,377,402
DT299,Chemical Sciences with Medicinal Chemistry,,,,,420,445
DT302,Business Analytics,,,,,325,403
DT304,E-Commerce in Retailing,,,,,341,388
DT321,Business and Law,,,,,462,478
DT341,Marketing,,,,,400,419
DT343,Retail and Services Management,,,,,301,332
DT354,Business Computing,,,,,322,341
DT358,Logistics and Supply Chain Management,,,,,300,359
DT365,Business and Management,,,,,440,456
DT366,Accounting and Finance,,,,,432,454
DT398,Human Resource Management,,,,,375,388
DT399,Economics and Finance,,,,,437,465
DT401,International Hospitality Management,,,,,300,337
DT405,Culinary Science,,,,,308,377
DT407,Culinary Arts,,,,,271,342
DT412,Tourism Marketing,,,,,284,322
DT413,Event Management,,,,,356,389
DT416,Culinary Entrepreneurship,,,,,275,339
DT420,Nutraceuticals in Health and Nutrition,,,,,392,432
DT421,Food Innovation,,,,,321,366
DT422,Pharmaceutical Healthcare,,,,,397,423
DT491,Environmental Health,,,,,343,380
DT501,Music,,,,,383,520
DT504,Film and Broadcasting,,,,,443,467
DT506,Commercial Modern Music,,,,,468,835
DT508,Game Design,,,,,403,454
DT517,Languages and English Studies,,,,,326,419
DT518,Languages and International Tourism,,,,,307,357
DT529,Drama (Performance),,,,,371,519
DT532,Law (LL.B.),,,,,422,441
DT533,Contemporary Visual Culture,,,,,,
DT544,Interior Design,,,,,552,866
DT545,Design - Visual Communication,,,,,667,897
DT546,Fine Art,,,,,668,813
DT555,International Business and Languages,,,,,353,399
DT559,Photography,,,,,700,926
DT571,Social Care,,,,,394,424
DT572,Early Childhood Education,,,,,385,403
DT582,Journalism,,,,,347,373
DT596,Print Media Technology and Management,,,,,252,311
DT597,Creative and Cultural Industries,,,,,280,369
DL835,Creative Media Technologies,,,,,237,289
GC405,International Hospitality Management (Dublin),,,,,254,272
ID003,Business Studies with Chinese,,,,,, 
BN101,Business,,,,,252,289
BN103,Business and Information Technology,,,,,254,290
BN104,Computing (Information Technology),,,,,260,293
BN107,Applied Social Studies in Social Care,,,,,300,328
BN108,Engineering (Common Entry with Award options),,,,,271,318
BN109,Business (Common Entry with Award options),,,,,260,279
BN110,International Business,,,,,253,308
BN111,Sports Management and Coaching,,,,,270,298
BN112,Creative Digital Media,,,,,280,329
BN113,Horticulture,,,,,289,321
BN114,Accounting and Finance,,,,,280,332
BN115,Community and Youth Development,,,,,250,298
BN117,Computer Engineering in Mobile Systems,,,,,273,311
BN118,Early Childhood Care and Education,,,,,290,320
BN119,Digital Marketing,,,,,270,308
BN120,Digital Forensics and Cyber Security,,,,,281,326
BN121,Mechatronic Engineering,,,,,276,340
BN123,"Design,Technology and Innovation",,,,,297,318 
TA022,Creative Digital Media,,,,,260,318
TA023,Advertising and Marketing Communications,,,,,235,299
TA024,Early Childhood Care and Education,,,,,217,307
TA025,Social Care Practice,,,,,261,297
TA026,International Hospitality and Tourism Management,,,,,208,269
TA027,Botanical Cuisine,,,,,236,273
TA028,Digital Marketing Technologies,,,,,220,313
TA121,Accounting and Finance,,,,,202,328
TA122,Management,,,,,218,297
TA123,Marketing Management,,,,,207,284
TA125,International Business,,,,,229,300
TA221,Electronic Engineering,,,,,251,321
TA222,Mechanical Engineering,,,,,243,302
TA223,Sustainable Energy Engineering,,,,,236,305
TA224,Biomedical Design,,,,,218,324
TA225,Automation Engineering,,,,,235,288
TA226,Engineering Software,,,,,243,304
TA321,Pharmaceutical Science,,,,,261,298
TA322,Computing,,,,,200,294
TA323,Computing with IT Management,,,,,243,309
TA326,DNA and Forensic Analysis,,,,,300,362
TA327,Sports Science and Health,,,,,341,381
TA328,Computing with Language (French/German/Spanish),,,,,218,317
TA329,Computing with Data Analytics,,,,,218,296 
NC025,Data Science,,,,,297,371
GA385,Retail Management,,,,,219,319
LY218,Business - with Spanish/Irish options,,,,,298,367
CI101,Counselling and Psychotherapy (Limerick),,,,,276,328
LC411,Marketing and Management (Thurles),,,,,226,300
SG149,Business in Finance and Investment,,,,,262,357
SG441,Environmental Science,,,,,297,358
SG446,Applied Archaeology,,,,,289,290
TL803,Music Technology,,,,,264,288
TL812,Computing with Digital Media,,,,,369,369
WD148,Tourism Marketing,,,,,269,338
