,COURSE TITLE,COURSE CODE2,R1 POINTS,R1 Random *,R2 POINTS,R2 Random*,EOS,EOS Random *,EOS Mid-point,Test/Interview #
0,International Business,AC120,209,,,,209,,280,
1,Liberal Arts,AC137,252,,,,252,,270,
2,"First Year Art & Design (Common Entry,portfolio)",AD101,#+matric,,,,#+matric,,#+matric,#
3,Graphic Design and Moving Image Design (portfolio),AD102,#+matric,,,,#+matric,,#+matric,#
4,Textile & Surface Design and Jewellery & Objects (portfolio),AD103,#+matric,,,,#+matric,,#+matric,#
5,"Education & Design or Fine Art (Second Level Teaching,portfolio))",AD202,#+matric,,,,#+matric,,#+matric,#
6,Fine Art (portfolio),AD204,#+matric,,,,#+matric,,#+matric,#
7,Fashion Design (portfolio),AD211,#+matric,,,,#+matric,,#+matric,#
8,Product Design (portfolio),AD212,#+matric,,,,#+matric,,#+matric,#
9,Visual Culture,AD215,377,,320,,320,,389,
10,Illustration (portfolio),AD217,#+matric,,,,#+matric,,#+matric,#
11,Interaction Design (portfolio),AD222,#+matric,,,,#+matric,,#+matric,#
12,Software Design,AL600,AQA,,,,104,,279,
13,Computer Engineering,AL601,AQA,,219,,112,,192,
14,Mechanical Engineering,AL602,AQA,,,,260,,424,
15,Civil Engineering,AL604,AQA,,AQA,,AQA,,244,
16,Music and Instrument Technology,AL605,AQA,,AQA,,154,,306,
17,Pharmacy Technician,AL630,295,,,,295,,379,
18,Dental Nursing,AL631,300,,298,,298,,388,
19,Applied Science,AL632,234,,,,234,,434,
20,Business,AL650,207,,,,207,,326,
21,Culinary Arts,AL660,AQA,,AQA,,112,,270,
22,Bar Supervision,AL661,AQA,,AQA,,101,,241,
23,Business (Sport and Recreation),AL663,AQA,,AQA,,120,,262,
24,Computer Engineering with Network Infrastructure,AL701,216,,,,216,,337,
25,Software Design with Artificial Intelligence for Cloud Computing,AL702,214,,,,214,,338,
26,Software Design with Virtual Reality and Gaming,AL703,216,,,,224,,337,
27,Computer Engineering,AL704,204,,,,204,,403,
28,Software Design with Mobile Apps and Connected Devices,AL705,216,,,,216,,337,
29,Mechanical Engineering,AL710,223,,,,223,,337,
30,Mechanical Engineering and Renewable Energy,AL711,228,,,,228,,369,
31,Automation and Robotics,AL712,252,,,,252,,379,
32,Engineering (Common Entry to Mechanical/Renewable/Mechatronic Eng),AL713,218,,,,218,,402,
33,Music and Sound Engineering,AL718,214,,,,216,,339,
34,Civil Engineering,AL721,233,,,,233,,357,
35,Biotechnology,AL730,250,,,,250,,402,
36,Veterinary Nursing,AL731,400,,,,400,,456,
37,Pharmaceutical Sciences (Drug Development and Analysis),AL734,244,,,,244,,359,
38,Exercise and Health Science,AL740,250,,,,250,,367,
39,Digital Marketing,AL751,241,,,,241,,318,
40,Business,AL752,225,,,,225,,397,
41,Hotel and Leisure Management,AL761,208,,,,208,,309,
42,Graphic Design (portfolio),AL763,781,,,,781,,858,#
43,Early Years Care and Education,AL764,260,,,,260,,398,
44,Applied Social Studies in Social Care,AL765,280,,,,280,,358,
45,Software Design with Virtual Reality and Gaming,AL801,303,,,,303,,367,
46,Software Design with Artificial Intelligence for Cloud Computing,AL802,332,,,,332,,382,
47,Software Design with Mobile Apps and Connected Devices,AL803,337,,,,337,,360,
48,Computer Engineering with Network Infrastructure,AL805,333,,,,333,,360,
49,Quantity Surveying,AL810,319,,,,326,,352,
50,Civil Engineering,AL811,320,,,,320,,432,
51,Mechanical and Polymer Engineering,AL820,308,,,,308,,379,
52,General Nursing,AL830,442,,,,442,,463,
53,Psychiatric Nursing,AL832,387,*,384,,384,,399,
54,Nutrition and Health Science,AL836,334,,,,334,,379,
55,Sports Science with Exercise Physiology,AL837,351,,,,351,,384,
56,Biotechnology,AL838,307,,,,307,,356,
57,Microbiology,AL839,325,,,,325,,393,
58,Pharmaceutical Sciences,AL840,347,,,,347,,403,
59,Athletic and Rehabilitation Therapy,AL841,430,,,,430,,465,
60,Bioveterinary Science,AL842,313,,,,313,,383,
61,Physical Activity and Health Science,AL843,306,,,,306,,326,
62,Business,AL850,309,,,,309,,377,
63,Business and Law,AL851,295,,,,295,,351,
64,Accounting,AL852,309,,,,309,,422,
65,Sport Management (with international placement),AL854,302,,299,,299,,338,
66,Hospitality Management (with international placement),AL855,308,,,,308,,347,
67,Digital Marketing,AL857,304,,,,304,,332,
68,Social Care Practice,AL860,300,,,,300,,348,
69,Animation and Illustration (portfolio),AL861,578,,,,578,,878,#
70,Graphic and Digital Design (portfolio),AL863,781,,,,781,,824,#
71,Early Years Care and Education,AL864,307,,,,307,,346,
72,Applied Psychology,AL870,418,,,,418,,444,
73,"Education, Home Economics and Biology - with concurrent Teacher Ed",AS001,510,,,,518,,544,
74,"Education, Home Economics and Religious Ed - with concurrent Teacher Ed",AS002,441,*,434,*,434,*,466,
75,"Education, Home Economics and Irish - with concurrent Teacher Ed",AS003,440,*,440,,440,,484,
76,"Nutrition, Food and Business Management",AS051,328,,317,,317,,398,
77,Home Economics,AS054,408,,398,,398,,429,
78,General Nursing,AS110,419,*,,,419,*,431,
79,Intellectual Disability Nursing,AS130,336,*,328,,317,,339,
80,Counselling Skills and Psychotherapy Studies,CI001,300,,,,300,,440,
81,Counselling Skills and Addiction Studies,CI002,309,,,,309,,367,
82,Counselling Skills and Youth Studies,CI005,306,,302,,302,,451,
83,Counselling and Psychotherapy,CI110,310,,,,310,,392,
84,Counselling and Addiction Studies,CI111,301,,,,301,,319,
85,Counselling and Youth Studies,CI112,311,,,,311,,311,
86,Arts - 3 years,CK101,300,,,,300,,388,
87,Social Science,CK102,412,,,,412,,451,
88,Arts with Music - 3 or 4 years (BMus or Chinese/European/Int`l Pathway),CK104,302,,,,302,,435,#
89,Film and Screen Media - 3 years or 4 years (International Pathway),CK105,368,,337,,319,,418,
90,Geographical and Archaeological Sciences - 3 or 4 years (Int`l Pathway),CK107,328,,,,328,,388,
91,Arts International - 4 years,CK108,401,,,,401,,466,
92,English - 3 years or 4 years (International Pathway),CK109,318,,,,318,,441,
93,World Languages,CK110,452,,433,,410,,506,
94,Early Years and Childhood Studies,CK111,419,,,,419,,451,
95,Theatre and Performative Practices - 3 or 4 years (Int`l Pathway),CK112,330,,,,330,,434,#
96,Criminology - 3 years or 4 years (International Pathway),CK113,423,,,,423,,463,
97,Social Science (Youth and Community Work) - 3 years,CK114,,,,,777,,,#
98,Social Work - Mature Applicants only,CK115,,,,,999,,,
99,Digital Humanities and IT - 3 or 4 years (Work Exper. or Int`l Pathway),CK118,336,,,,336,,378,
100,Applied Psychology,CK120,533,*,532,*,531,*,555,
101,Psychology and Computing - 3 or 4 years (Work Experience Pathway),CK121,466,,,,466,,496,
102,Government and Political Science,CK122,337,,328,,326,,403,
103,Anthropology,CK123,308,,,,308,,410,
104,Education - Gaeilge,CK124,463,,462,,452,*,495,
105,Sports Studies and Physical Education,CK125,510,*,509,*,509,*,532,
106,Commerce,CK201,477,*,,,477,*,509,
107,Accounting,CK202,509,,,,509,,542,
108,Business Information Systems,CK203,430,,,,430,,467,
109,Finance,CK204,556,,,,556,,590,
110,Commerce (International) with French,CK205,445,,,,445,,495,
111,Commerce (International) with German,CK206,420,,418,,418,,476,
112,Commerce (International) with Italian,CK207,388,,,,388,,455,
113,Commerce (International) with Hispanic Studies,CK208,402,,,,402,,484,
114,Commerce (International) with Irish,CK209,484,,,,484,,531,
115,Commerce (International) with Chinese Studies,CK211,397,,,,397,,433,
116,Economics (through Transformational Learning) 3 or 4 years Int`l Pathway,CK212,444,,,,444,,473,
117,Food Marketing and Entrepreneurship,CK213,462,,,,462,,476,
118,International Development,CK214,346,,,,346,,422,
119,Law (Pathways) -  3 or 4 years,CK301,507,,499,,498,*,531,
120,Law and French,CK302,542,,,,542,,576,
121,Law and Irish,CK304,540,,,,540,,565,
122,Law and Business,CK307,556,,,,556,,589,
123,Computer Science,CK401,468,,,,468,,509,
124,Biological and Chemical Sciences,CK402,510,*,509,*,509,,532,
125,"Biological, Earth and Environmental Sciences",CK404,467,,,,465,,498,
126,Genetics,CK405,487,,,,487,,498,
127,Chemical Sciences,CK406,485,,472,,462,,494,
128,Mathematical Sciences,CK407,566,,565,*,565,,601,
129,Physics and Astrophysics,CK408,554,,542,,531,*,589,
130,Industrial Physics - Offered jointly by UCC and CIT,CK409,432,,,,432,,499,
131,Data Science and Analytics,CK411,510,,,,509,,554,
132,Agricultural Science,CK412,496,*,496,*,489,*,510,
133,Nutritional Sciences,CK504,518,,,,517,*,554,
134,Food Science,CK505,441,,440,*,420,,465,
135,Engineering,CK600,487,,,,487,,532,
136,Architecture - Offered jointly by UCC and CIT,CK606,484,,476,,469,,510,
137,Medicine (Undergraduate Entry - HPAT required),CK701,731,,,,731,,739,#
138,Dentistry,CK702,613,*,613,*,613,*,613,
139,Pharmacy,CK703,590,,589,*,589,*,602,
140,Occupational Therapy,CK704,566,,555,*,555,*,577,
141,Speech and Language Therapy,CK705,520,,,,520,,541,
142,Public Health Sciences,CK706,454,,,,454,,477,
143,Medical and Health Sciences,CK707,542,,541,,541,,555,
144,General Nursing,CK710,454,*,,,454,*,477,
145,Children`s and General Nursing (Integrated),CK712,533,,,,533,,553,
146,Mental Health Nursing,CK720,423,,,,419,,440,
147,Intellectual Disability Nursing,CK730,419,,411,,400,,433,
148,Midwifery,CK740,484,,,,473,*,507,
149,Medicine  - Graduate Entry (GAMSAT required),CK791,57,*,,,57,*,58,#
150,Education - Primary Teaching,CM001,484,*,,,484,*,487,
151,Education - Primary Teaching - Gaeltacht Applicants,CM002,,,,,,,,#
152,Oideachas - Bunmhúinteoireacht Trí Mheán na Gaeilge – Gaeltacht,CM003,528,,,,528,,570,#
153,Oideachas - Bunmhúinteoireacht Trí Mheán na Gaeilge – Gaeltacht,CM004,494,,,,494,,513,#
154,Education Studies,CM010,319,,,,317,,407,
155,Early Childhood Education,CM020,327,,,,327,,390,
156,Applied Physics and Instrumentation,CR001,250,,,,250,,487,
157,Applied Biosciences,CR006,361,,,,361,,489,
158,Analytical and Pharmaceutical Chemistry,CR007,240,,,,240,,487,
159,Agriculture (Year 1 - 2 days in Clonakilty Agri College & 3 days in CIT),CR010,321,,,,321,,422,
160,Software Development,CR016,307,,,,307,,413,
161,Business (Common Entry),CR021,255,,,,255,,433,
162,Business Administration,CR022,190,,,,190,,336,
163,Social Care Work,CR031,346,,,,346,,411,
164,Recreation and Leisure Management,CR032,298,,,,298,,378,
165,Community Development,CR035,100,,,,100,,251,
166,Tourism Management,CR041,216,,,,216,,399,
167,Hospitality Management,CR042,208,,,,208,,316,
168,Automotive Technology and Management,CR046,216,,,,216,,337,
169,Civil Engineering,CR051,248,,,,248,,451,
170,Construction,CR052,251,,,,251,,367,
171,Interior Architecture,CR053,308,,,,308,,434,
172,Environmental Engineering,CR055,258,,,,258,,409,
173,Electronic Engineering,CR061,260,,,,260,,444,
174,Electrical Engineering,CR062,300,,,,300,,401,
175,Mechanical Engineering,CR071,261,,,,261,,444,
176,Biomedical Engineering,CR075,306,,,,306,,498,
177,Architectural Technology,CR090,266,,,,266,,411,
178,Nautical Science at National Maritime College of Ireland,CR094,243,,,,243,,380,
179,Marine Engineering at National Maritime College of Ireland,CR095,255,,,,255,,389,
180,Chemical and Biopharmaceutical Engineering,CR105,443,,,,443,,532,
181,Software Development,CR106,411,,,,411,,463,
182,Mechanical Engineering,CR108,434,,,,434,,509,
183,Structural Engineering,CR109,394,,,,394,,423,
184,Automotive Business Management and Technology,CR110,311,,,,311,,362,
185,Creative Digital Media,CR112,361,,,,361,,430,
186,Computer Systems,CR116,332,,,,332,,393,
187,Music at CIT Cork School of Music,CR121,868,,,,912,,1078,#
188,Popular Music: Electric Bass Guitar at CIT Cork School of Music,CR125,1088,,,,1088,,1088,#
189,Popular Music: Drums at CIT Cork School of Music,CR126,801,,,,801,,940,#
190,Popular Music: Electric Guitar at CIT Cork School of Music,CR127,838,,768,,768,,978,#
191,Popular Music: Keyboards at CIT Cork School of Music,CR128,840,,,,840,,881,#
192,Popular Music: Voice at CIT Cork School of Music,CR129,841,,,,841,,966,#
193,Musical Theatre at CIT Cork School of Music,CR130,548,,518,,505,,600,#
194,Business Information Systems,CR150,335,,,,335,,391,
195,"Contemporary Applied Art (Ceramics, Glass, Textiles) at CIT Crawford",CR210,#+matric,,,,#+matric,,#+matric,#
196,Fine Art at CIT Crawford College of Art and Design,CR220,#+matric,,,,#+matric,,#+matric,#
197,Photography with New Media,CR225,#+matric,,,,#+matric,,#+matric,#
198,Physical Sciences (Common Entry),CR300,282,,,,282,,476,
199,Physical Sciences (Common Entry),CR305,282,,,,282,,356,
200,IT Management,CR310,297,,,,297,,339,
201,Biomedical Science - Offered jointly by CIT and UCC,CR320,565,,,,565,,577,
202,Pharmaceutical Biotechnology,CR325,398,,,,398,,440,
203,Nutrition and Health Science,CR333,402,,,,402,,433,
204,Biological Sciences (Common Entry),CR335,420,,,,420,,451,
205,Analytical Chemistry with Quality Assurance,CR340,251,,,,251,,366,
206,Instrument Engineering,CR360,261,,,,261,,388,
207,Environmental Science and Sustainable Technology,CR365,253,,,,253,,341,
208,Agri-Biosciences,CR370,397,,,,397,,453,
209,Accounting,CR400,316,,,,316,,413,
210,Marketing,CR420,285,,,,285,,346,
211,International Business with Language,CR425,298,,,,298,,412,
212,Sport and Exercise Management,CR430,322,,,,322,,407,
213,Montessori Education,CR440,288,,,,288,,362,
214,Engineering (Common Entry),CR500,411,,,,411,,465,
215,Sustainable Energy Engineering,CR510,320,,,,320,,389,
216,Biomedical Engineering,CR520,444,,,,444,,488,
217,Architectural Technology,CR560,308,,,,308,,377,
218,Interior Architecture,CR565,359,,,,359,,423,
219,Quantity Surveying,CR570,336,,,,336,,392,
220,Construction Management,CR572,269,,,,269,,318,
221,Electrical Engineering,CR580,318,,,,318,,377,
222,Electronic Engineering,CR590,303,,,,303,,379,
223,Visual Communications,CR600,#+matric,,,,#+matric,,#+matric,#
224,Early Childhood Education and Care,CR620,365,,357,,357,,454,
225,Culinary Arts,CR640,244,,,,244,,392,
226,Beverage Industry Management,CR650,209,,,,209,,316,
227,Culinary Studies,CR655,189,,,,189,,290,
228,Hospitality Studies,CR657,180,,163,,163,,198,
229,Tourism Management,CR660,252,,,,252,,325,
230,Theatre and Drama Studies at CIT Cork School of Music,CR700,740,,645,,645,,982,#
231,Marine Electrotechnology at National Maritime College of Ireland,CR805,235,,,,235,,326,
232,Information Technology,CR888,290,,,,290,,372,
233,Computing in Information Technology,CT110,210,,,,210,,400,
234,Information Technology,CT116,219,,,,219,,263,
235,Information Technology,CT125,220,,,,220,,299,
236,Business,CT325,338,,,,281,,338,
237,Business,CW006,AQA,,AQA,,AQA,,254,
238,Business (options),CW018,298,,248,,248,,312,
239,Sustainable Farm Management and Agribusiness,CW027,266,,,,268,,360,
240,Early Childhood Education and Care,CW028,252,,,,252,,301,
241,Business (options),CW037,195,,,,195,,400,#
242,Art (portfolio),CW038,700,,,,700,,700,#
243,Visual Communications and Design,CW047,214,,181,,181,,336,
244,Art (portfolio),CW057,700,,,,700,,700,#
245,Tourism and Event Management,CW058,298,,,,298,,348,
246,Applied Social Studies in Professional Social Care,CW068,245,,,,245,,292,
247,Tourism and Event Management,CW077,217,,,,217,,311,
248,Sustainable Farm Management and Agribusiness,CW078,269,,,,269,,327,
249,Visual Communications and Design,CW088,274,,,,274,,340,
250,Physiology and Health Science,CW106,451,,,,451,,509,
251,Analytical Science,CW107,277,,,,277,,445,
252,Science (options),CW108,261,,,,261,,346,
253,Pharmacy Technician Studies,CW116,250,,,,250,,388,
254,Biosciences,CW117,205,,,,205,,380,
255,Science - Applied Biology or Applied Chemistry,CW126,191,,,,191,,424,
256,Brewing and Distilling,CW128,263,,,,263,,318,
257,Sport and Exercise Science,CW138,423,,,,423,,444,
258,Strength and Conditioning,CW148,379,,,,379,,400,
259,Sport Rehabilitation and Athletic Therapy,CW188,451,,448,,448,,466,
260,Computing - Applications or Programming,CW206,235,,,,235,,369,
261,Software Development,CW207,244,,,,244,,329,
262,Computer Games Development,CW208,279,,,,279,,327,
263,Information Technology Management,CW217,234,,,,234,,377,
264,Cybercrime and IT Security,CW227,233,,,,242,,357,
265,Computing in Interactive Digital Art and Design,CW237,212,,,,212,,337,
266,Software Development,CW238,297,,,,297,,341,
267,Information Technology Management,CW248,285,,,,285,,385,
268,Cybercrime and IT Security,CW258,293,,,,293,,358,
269,Computing in Interactive Digital Art and Design,CW268,287,,,,287,,369,
270,Architectural Technology,CW407,188,,,,188,,358,
271,Construction Management with Building Services,CW417,220,,,,220,,322,
272,Civil Engineering,CW427,199,,,,199,,347,
273,Construction (options),CW438,272,,,,272,,336,
274,Architectural Technology,CW468,262,,,,262,,358,
275,Civil Engineering,CW478,433,,,,433,,492,
276,Aircraft Systems,CW507,293,,,,294,,399,
277,Mechanical Engineering,CW517,276,,,,276,,371,
278,Electronic Engineering,CW527,227,,,,227,,357,
279,TV and Media Production,CW547,301,,,,301,,413,
280,Mechanical Engineering,CW548,321,,,,321,,371,
281,Electronic Systems,CW558,280,,,,280,,361,
282,Aerospace Engineering,CW568,380,,,,380,,442,
283,TV and Media Production,CW578,325,,,,325,,420,
284,Legal Studies,CW706,163,,,,163,,377,
285,Industrial Design,CW707,207,,,,207,,380,#
286,Law - LLB,CW708,302,,,,302,,349,
287,Professional Social Care Practice,CW717,288,,,,288,,347,#
288,Product Design Innovation,CW728,252,,,,252,,359,
289,Early Childhood Education and Care,CW748,270,,,,270,,327,
290,Professional Social Care Practice,CW758,336,,,,336,,358,
291,Sport Coaching and Business Management - GAA (portfolio),CW807,700,,,,700,,700,#
292,Media and Public Relations,CW808,251,,,,251,,298,
293,Sport Coaching and Business Management - Rugby (portfolio),CW817,700,,,,700,,700,#
294,Sport Coaching and Business Management - Soccer (portfolio),CW827,700,,,,700,,700,#
295,Digital Marketing with Analytics,CW837,200,,,,200,,356,
296,Digital Marketing with Analytics,CW848,254,,,,269,,326,
297,"Sports Management and Coaching (options, portfolio)",CW858,700,,,,700,,700,#
298,Business,CW906,177,,,,177,,297,
299,Business (options),CW908,280,,,,280,,357,
300,Business (options),CW917,224,,,,224,,378,
301,Business with Law,CW926,210,,,,210,,409,
302,Accounting,CW936,231,,,,231,,403,
303,Business with Law,CW938,283,,,,283,,301,
304,Accounting,CW948,300,,,,300,,364,
305,Computing,DB500,218,,218,,218,,301,
306,Computing (Cloud Computing),DB501,227,,227,,227,,280,
307,Computing (Data Analytics and Big Data),DB502,341,,341,,334,,377,
308,Computing (Software Development),DB503,225,,225,,225,,281,
309,Computing (Web and Mobile Technology),DB504,,,281,,281,,281,
310,Audio Production and Music Project Management,DB510,234,,223,,223,,290,
311,Business Studies,DB512,218,,203,,203,,308,
312,Business Studies (Law),DB514,252,,,,251,,270,
313,Business Studies (Human Resource Management),DB515,244,,244,,244,,326,
314,Financial Services,DB516,,,,,,,,
315,Marketing (Event Management),DB517,238,,,,238,,309,
316,Accounting and Finance,DB521,225,,195,,195,,318,
317,Business (Information Systems),DB524,342,,309,,309,,409,
318,Business (Cloud Computing),DB526,347,,,,347,,423,
319,Applied Social Care,DB527,234,,260,,234,,306,
320,Applied Social Care,DB528,AQA,,AQA,,AQA,,337,
321,Marketing,DB531,293,,,,293,,336,
322,Sound Engineering and Music Production,DB534,AQA,,AQA,,AQA,,338,
323,Psychology,DB562,243,,229,,229,,322,
324,Arts,DB563,161,,189,,161,,357,
325,Social Science,DB566,220,,227,,220,,290,
326,Film and Creative Media,DB567,218,,202,,202,,290,
327,Law,DB568,219,,252,,217,,309,
328,Business (Psychology),DB569,252,,,,252,,284,
329,Business Studies,DB571,173,,211,,122,,398,
330,Business in Accounting,DB572,119,,117,,117,,368,
331,Business in Marketing,DB573,117,,146,,117,,388,
332,Business in Information Technology,DB574,136,,388,,136,,388,
333,Film and Creative Media,DB576,AQA,,AQA,,AQA,,338,
334,Education - Early Childhood Education,DC001,440,,,,440,,462,
335,Education - Primary Teaching,DC002,488,,,,488,,520,
336,Education - Primary Teaching - Gaeltacht Applicants,DC003,445,,,,445,,462,#
337,Education - Primary Teaching (Church of Ireland Centre formerly CICE),DC004,411,,409,,409,,463,#
338,Arts (Joint Honours) - Humanities,DC009,376,,,,376,,423,
339,Post Primary Teacher Education - Religious Education and English,DC010,441,,429,,429,,465,
340,Post Primary Teacher Education - Religious Education and History,DC011,412,,391,,391,,429,
341,Post Primary Teacher Education - Religious Education and Music,DC012,378,,,,378,,420,#
342,Post Primary Teacher Ed - Gaeilge with French/German/Spanish,DC013,419,,,,419,,487,
343,BA in Jazz and Contemporary Music Performance (audition),DC014,419,,,,419,,605,#
344,Business Studies International,DC110,465,,,,465,,488,
345,Business Studies,DC111,488,,,,488,,507,
346,Global Business (France),DC112,517,,510,,510,,532,
347,Global Business (Germany),DC113,462,,,,462,,496,
348,Global Business (Spain),DC114,522,,,,522,,545,
349,Accounting and Finance,DC115,510,,,,510,,544,
350,Global Business (USA),DC116,579,,,,579,,601,
351,Aviation Management / Aviation Management with Pilot Studies,DC117,476,,475,,475,,500,
352,Gnó agus Gaeilge / Business and Irish,DC118,359,,,,359,,429,
353,Global Business (Canada),DC119,564,,,,564,,577,
354,Enterprise Computing,DC120,357,,,,357,,392,
355,Computer Applications,DC121,400,,,,400,,455,
356,Data Science,DC123,465,,,,465,,531,
357,Actuarial Mathematics,DC126,560,,,,560,,578,
358,Common Entry into Actuarial and Financial Mathematics,DC127,532,,520,,520,,543,
359,Communication Studies,DC131,407,,402,,402,,451,
360,Journalism,DC132,429,,422,,422,,466,
361,Multimedia,DC133,411,,410,,410,,451,
362,Applied Language and Translation Studies,DC155,387,,,,387,,444,
363,Analytical Science,DC161,498,*,489,,489,,510,
364,Chemical and Pharmaceutical Sciences,DC162,521,,,,521,,544,
365,Environmental Science and Technology,DC166,433,,399,,399,,441,
366,Genetics and Cell Biology,DC168,512,*,510,,510,,529,
367,Physics General Entry (options),DC175,419,,402,,402,,467,
368,Biotechnology,DC181,499,,495,,495,,511,
369,Electronic and Computer Engineering (with choice of four majors),DC190,413,,,,413,,465,
370,Mechatronic Engineering,DC193,411,,,,411,,487,
371,Mechanical and Manufacturing Engineering,DC195,425,,,,425,,487,
372,Biomedical Engineering,DC197,423,,,,423,,477,
373,Common Entry into Engineering (Undenominated Entry),DC200,422,,,,422,,487,
374,Common Entry into Science (Undenominated Entry),DC201,498,*,488,,488,,499,
375,Sport Science and Health,DC202,500,,498,*,498,*,521,
376,Science Education,DC203,435,,,,435,,487,
377,Athletic Therapy and Training,DC204,522,,519,,519,,533,
378,Physical Education with Biology,DC205,531,,,,531,,553,
379,Physical Education with Mathematics,DC206,499,,,,499,,520,
380,Psychology,DC208,532,,521,,521,,533,
381,Health and Society,DC209,465,,440,,440,,466,
382,General Nursing,DC215,454,,433,,433,,462,
383,Mental Health Nursing,DC216,418,,403,,403,,424,
384,Intellectual Disability Nursing,DC217,370,,,,370,,390,
385,Children`s and General Nursing (Integrated),DC218,500,,498,,498,,522,
386,"Economics, Politics and Law",DC230,435,,,,435,,462,
387,International Relations,DC231,397,,,,397,,433,
388,Law and Society (BCL),DC232,466,,,,466,,496,
389,Education and Training - Daytime and Flexible Delivery Mode (full-time),DC235,309,,,,309,,357,
390,Social Sciences and Cultural Innovation,DC238,377,,,,377,,411,
391,"Gaeilge, Iriseoireacht agus na Meáin Dhigiteacha",DC239,430,,,,430,,473,
392,"Marketing, Innovation and Technology",DC240,476,,474,,474,,498,
393,Arts (Joint Honours) - Media Studies,DC291,376,,,,376,,409,
394,Arts (Joint Honours) - Law,DC292,403,,,,403,,430,
395,Arts (Joint Honours) - International Languages,DC293,377,,,,377,,466,
396,Arts (Joint Honours) - Politics,DC295,376,,,,376,,409,
397,Business and Management,DK710,120,,120,,120,,352,
398,Business and Technology,DK711,191,,,,191,,327,
399,Digital Marketing and Public Relations,DK712,100,,100,,100,,349,
400,Computing,DK721,106,,106,,106,,326,
401,Augmented and Virtual Reality,DK722,144,,144,,144,,348,
402,Building Surveying,DK730,165,,,,165,,330,
403,Architectural Technology,DK731,332,,,,332,,392,
404,Construction Management,DK732,120,,,,120,,321,
405,Engineering - Electrical and Electronic Systems,DK740,179,,179,,179,,339,
406,Engineering - Mechanical Engineering,DK742,166,,166,,166,,312,
407,Engineering - Civil Engineering,DK744,190,,157,,157,,341,
408,Hospitality Management,DK750,176,,176,,176,,279,
409,Event Management,DK752,175,,175,,175,,347,
410,Culinary Arts,DK753,182,,182,,182,,387,
411,"Sport, Exercise and Enterprise",DK763,233,,,,225,,329,
412,Community Youth Work (interview),DK767,240,,240,,240,,330,#
413,Audio and Music Production,DK768,261,,,,261,,361,
414,Creative Media,DK769,165,,165,,165,,318,
415,Theatre & Film Practice,DK770,190,,190,,190,,388,
416,Musical Theatre (audition),DK771,,,,,,,,#
417,Science - Bioscience,DK781,358,,328,,208,,381,
418,Science - Pharmaceutical Science,DK783,349,,317,,210,,362,
419,Veterinary Nursing,DK784,399,,,,399,,445,
420,Accounting and Finance,DK810,305,,305,,305,,401,
421,Business Studies,DK816,300,,300,,300,,367,
422,Computing in Games Development,DK820,311,,311,,311,,348,
423,Computing in Software Development,DK821,302,,302,,302,,361,
424,Augmented and Virtual Reality,DK822,307,,,,304,,380,
425,Building Surveying,DK830,336,,,,336,,352,
426,Architectural Technology,DK831,389,,,,389,,433,
427,Construction Management,DK832,387,,,,387,,419,
428,Engineering (Common Entry),DK843,340,,340,,340,,439,
429,Mechanical Engineering,DK844,305,,305,,305,,448,
430,Electrical & Electronic Engineering,DK845,304,,304,,304,,392,
431,Civil Engineering,DK846,391,,361,,361,,392,
432,International Tourism Management,DK850,317,,317,,317,,377,
433,Music (audition),DK860,532,,532,,503,,634,#
434,Arts,DK861,302,,302,,302,,363,
435,Social Care,DK862,301,,,,301,,347,
436,Creative Media,DK863,308,,308,,308,,337,
437,Film and Television Production,DK864,300,,300,,300,,402,
438,Audio and Music Production,DK865,301,,,,301,,367,
439,General Nursing,DK870,403,,401,,397,*,419,
440,Intellectual Disability Nursing,DK872,336,,,,336,,358,
441,Mental Health Nursing,DK874,356,,,,356,,379,
442,Early Childhood Studies,DK876,321,,,,321,,388,
443,Midwifery,DK877,440,,,,440,,470,
444,Health and Physical Activity,DK880,328,,,,328,,389,
445,Agriculture (Award options),DK882,310,,,,310,,380,
446,Science (Award options),DK883,358,,321,,300,,370,
447,Sustainable Agriculture,DK884,,,,,,,,
448,Agri-Food Production,DK885,,,,,,,,
449,Biopharmaceutical Science,DK886,301,,,,301,,338,
450,Environmental Science,DK887,330,,,,330,,589,
451,Business - Applied Entrepreneurship,DL701,AQA,,AQA,,AQA,,359,
452,"English, Media and Cultural Studies",DL821,212,,212,,212,,347,
453,Arts Management,DL822,229,,229,,235,,337,
454,Business Management,DL823,235,,,,237,,325,
455,Applied Psychology,DL825,379,,,,379,,434,
456,Visual Communication Design,DL826,855,,,,855,,1024,#
457,Art,DL827,572,,,,572,,941,#
458,"3D Design, Modelmaking and Digital Art",DL828,506,,,,538,,920,#
459,Design for Stage and Screen (Costume Design),DL829,593,,,,593,,947,#
460,Design for Stage and Screen (Character Makeup Design),DL830,939,,,,939,,968,#
461,Design for Stage and Screen (Production Design),DL831,781,,,,781,,1026,#
462,Animation,DL832,920,,,,920,,1022,#
463,Photography,DL833,650,,,,667,,854,#
464,Film and Television Production,DL834,990,,,,990,,1040,#
465,Creative Computing,DL836,219,,,,219,,300,
466,New Media Studies,DL837,201,,,,201,,316,
467,Creative Music Production,DL838,754,,,,754,,972,#
468,Interaction and User Experience Design,DL839,683,,683,,683,,990,#
469,Digital Marketing,DL840,228,,228,,228,,327,
470,English and Equality Studies,DL841,276,,,,276,,341,
471,Architecture,DN100,510,,,,510,,541,
472,Landscape Architecture,DN120,407,,,,407,,453,
473,City Planning and Environmental Policy,DN130,407,,400,,390,,432,
474,Engineering (Common Entry),DN150,531,,521,,520,*,565,
475,Science (options),DN200,533,,,,533,,567,
476,Computer Science (Common Entry),DN201,510,,,,510,,542,
477,Actuarial and Financial Studies,DN230,601,,,,601,,613,
478,Sustainability,DN240,440,,,,440,,498,
479,Agricultural Science (options),DN250,456,,455,,453,,488,
480,Dairy Business,DN252,410,,,,410,,455,
481,Agri - Environmental Sciences,DN253,418,,,,413,,443,
482,Food Science,DN261,477,,,,476,*,495,
483,Human Nutrition,DN262,531,,,,531,,553,
484,Forestry,DN271,311,,,,311,,359,
485,"Horticulture, Landscape and Sportsturf Management",DN272,297,,282,,282,,378,
486,Veterinary Medicine - Undergraduate Entry,DN300,589,,,,589,,602,#
487,Veterinary Medicine - Graduate Entry (GAMSAT required),DN301,,,,,#,,,#
488,Veterinary Nursing,DN310,478,,477,,466,*,489,
489,Medicine - Undergraduate Entry (HPAT required),DN400,737,,736,*,736,*,748,#
490,Medicine - Graduate Entry (GAMSAT required),DN401,,,,,58,*,61,#
491,Radiography,DN410,534,,532,*,531,*,543,
492,Radiography - Graduate Entry,DN411,,,,,#,,,#
493,Physiotherapy,DN420,578,,577,*,568,,589,
494,Health and Performance Science,DN425,510,,509,*,507,,521,
495,Sport and Exercise Management,DN430,455,,445,,433,,455,
496,"Biomedical, Health and Life Sciences",DN440,590,,589,*,589,*,601,
497,General Nursing,DN450,429,*,424,,421,,445,
498,Children`s and General Nursing (Integrated),DN451,509,,506,,499,,529,
499,Midwifery,DN452,489,,476,,473,,499,
500,Mental Health Nursing,DN453,397,,393,,393,,412,
501,Joint Honours (options),DN520,310,,,,310,,409,
502,Humanities (options),DN530,340,,336,,326,,419,
503,Modern Languages (options),DN541,303,,,,300,,443,
504,Law (options),DN600,546,,544,,543,*,566,
505,Business and Law,DN610,545,,,,544,,577,
506,Commerce,DN650,521,*,521,*,521,*,543,
507,Commerce International (options),DN660,517,,511,,510,*,531,
508,Economics and Finance,DN670,613,,,,613,,625,
509,Social Sciences (options),DN700,421,,419,,418,,466,
510,Economics,DN710,498,*,498,*,498,*,510,
511,Psychology,DN720,530,,522,*,522,*,543,
512,Social Policy and Sociology,DN750,378,,,,377,,408,
513,Computing and Multimedia (Level 6 - Higher Certificate),DS602,,,,,198,,367,
514,Computing and Multimedia (Level 6 - Certificate),DS603,,,,,423,,523,
515,Business,DS701,,,,,299,,299,
516,Computing and Multimedia (Level 7),DS702,,,,,290,,413,
517,Business,GA160,163,,163,,163,,278,
518,Business,GA170,250,,,,250,,420,
519,Business Information Systems,GA171,250,,,,250,,367,
520,Rural Enterprise and Agri-Business,GA172,277,,,,277,,382,
521,Marketing and Sales,GA174,281,,,,282,,377,
522,Finance,GA175,278,,,,278,,467,
523,Business with Entrepreneurship,GA176,278,,,,278,,411,
524,Accounting,GA181,309,,,,309,,403,
525,Business,GA182,287,,,,287,,347,
526,Business Information Systems,GA183,296,,,,296,,356,
527,Marketing and Sales,GA184,307,,,,307,,357,
528,Finance and Economics,GA185,293,,,,293,,392,
529,Business with Entrepreneurship,GA186,280,,,,280,,356,
530,Rural Enterprise and Agri-Business,GA187,281,,,,281,,352,
531,Heritage Studies,GA272,188,,188,,188,,363,
532,Contemporary Art,GA273,702,,,,702,,892,#
533,Design,GA274,251,,,,251,,378,
534,Film and Documentary,GA281,304,,,,304,,379,
535,Heritage Studies,GA282,220,,,,220,,281,
536,Contemporary Art,GA283,679,,,,679,,870,#
537,Design,GA284,303,,,,303,,356,
538,"Education (Art, Design and Graphics)",GA285,,,,,,,,
539,Business in Tourism,GA360,172,,172,,172,,260,
540,Culinary Arts,GA361,193,,,,193,,375,
541,Hotel and Hospitality Operations,GA362,240,,228,,228,,330,
542,Heritage Studies,GA364,252,,252,,252,,369,
543,Hotel and Catering Management,GA370,198,,,,198,,362,
544,Event Management with Public Relations,GA376,206,,187,,187,,348,
545,International Tourism Management,GA377,172,,,,172,,360,
546,Culinary and Gastronomic Science,GA378,219,,,,219,,432,
547,International Hotel Management,GA380,242,,,,242,,330,
548,International Tourism Management,GA381,278,,,,278,,350,
549,Culinary and Gastronomic Science,GA382,206,,,,206,,337,
550,Event Management with Public Relations,GA384,212,,,,212,,328,
551,Construction Management,GA470,244,,243,,243,,349,
552,Quantity Surveying and Construction Economics,GA471,200,,,,200,,347,
553,Architectural Technology,GA472,226,,,,226,,367,
554,Civil Engineering,GA473,241,,,,241,,432,
555,Construction Management,GA480,260,,,,260,,336,
556,Quantity Surveying and Construction Economics,GA482,288,,,,288,,350,
557,Architectural Technology,GA483,265,,,,265,,337,
558,Civil Engineering,GA484,290,,,,290,,383,
559,Software and Electronic Engineering,GA570,224,,,,224,,399,
560,Software and Electronic Engineering,GA580,300,,,,300,,393,
561,Mechanical Engineering,GA670,265,,,,265,,413,
562,Energy Engineering,GA673,260,,,,260,,452,
563,Biomedical Engineering,GA674,298,,,,298,,455,
564,Agricultural Engineering,GA675,298,,,,298,,386,
565,Engineering (Common Entry to Manu/Agri/Biomed/Energy/Mech Eng),GA676,290,,,,290,,465,
566,Manufacturing Engineering Design,GA677,235,,,,235,,379,
567,Mechanical Engineering,GA680,330,,,,330,,401,
568,Energy Engineering,GA681,293,,,,293,,366,
569,Biomedical Engineering,GA682,313,,,,313,,393,
570,Agricultural Engineering,GA683,309,,,,309,,385,
571,Engineering (Common entry to Agri/Biomed/Energy/Mech Eng),GA684,340,,,,340,,405,
572,Manufacturing Engineering Design,GA685,309,,,,309,,379,
573,Applied Freshwater and Marine Biology,GA770,280,,,,280,,388,
574,Applied Biology and Biopharmaceutical Science,GA771,280,,,,280,,465,
575,Chemical and Pharmaceutical Science,GA772,280,,,,280,,487,
576,Physics and Instrumentation,GA773,299,,,,299,,521,
577,Science (Undenominated),GA774,289,,,,289,,490,
578,Computing in Software Development,GA775,260,,,,260,,356,
579,Computing and Digital Media,GA776,241,,,,241,,381,
580,Agriculture and Environmental Management,GA777,281,,,,281,,393,
581,Applied Freshwater and Marine Biology,GA780,327,,,,327,,377,
582,Applied Biology and Biopharmaceutical Science,GA781,337,,,,337,,390,
583,Chemical and Pharmaceutical Science,GA782,336,,,,336,,388,
584,Physics and Instrumentation,GA783,363,,,,363,,408,
585,Science (Undenominated),GA784,372,,,,372,,403,
586,Medical Science,GA785,473,,,,473,,500,
587,Forensic Science and Analysis,GA786,317,,,,317,,387,
588,Computing in Software Development,GA787,270,,,,270,,315,
589,Computing and Digital Media,GA788,274,,,,282,,356,
590,Agriculture and Environmental Management,GA789,287,,,,289,,371,
591,Sport and Exercise Science,GA790,356,,,,356,,409,
592,Public Health Nutrition,GA791,368,,,,368,,409,
593,History & Geography,GA862,178,,,,178,,382,
594,Early Childhood Education and Care,GA864,214,,204,,204,,357,
595,Outdoor Education and Leisure,GA870,182,,171,,171,,399,
596,Early Childhood Education and Care,GA871,190,,,,190,,367,
597,Culture and Environment,GA872,196,,,,196,,328,
598,Applied Social Care,GA879,244,,,,244,,337,
599,General Nursing,GA880,429,*,422,*,422,*,441,
600,Psychiatric Nursing,GA882,367,,,,367,,377,
601,Outdoor Education,GA885,252,,,,252,,262,
602,History and Geography,GA887,244,,,,244,,380,
603,Applied Social Care,GA889,266,,,,266,,298,
604,Early Childhood Education and Care,GA890,270,,,,270,,327,
605,Geography and Outdoor Education,GA891,244,,,,244,,391,
606,"Furniture Design, Making and Technology - Common Entry",GA974,214,,,,214,,388,
607,Education (Design Graphics and Construction),GA980,377,,,,377,,411,
608,"Furniture Design, Making and Technology - Common Entry",GA984,284,,,,284,,369,
609,Business,GB001,,,,,115,,415,
610,Business Studies,GC200,252,,252,,252,,369,
611,Accounting and Finance,GC201,303,,303,,303,,388,
612,Computing Science,GC230,335,,325,,325,,393,
613,Communications and Media Production,GC250,,,,,,,,
614,Business Studies,GC300,429,,,,390,,432,
615,Accounting & Finance,GC301,253,,253,,253,,346,
616,Business Studies - HRM,GC302,,,,,,,,
617,International Hospitality Management,GC305,253,,253,,253,,253,
618,International Hospitality Management,GC306,253,,253,,253,,253,
619,Computing,GC335,217,,195,,195,,235,
620,Business Studies,GC400,248,,248,,248,,281,
621,Accounting and Finance,GC401,240,,227,,202,,343,
622,Business Studies (HRM),GC402,264,,236,,218,,236,
623,Law,GC403,244,,228,,228,,328,
624,Business Studies (Marketing),GC407,280,,280,,218,,321,
625,Marketing,GC410,145,,,,145,,371,
626,Business,GC411,135,,135,,135,,370,
627,Computing Science,GC430,252,,220,,220,,298,
628,Computing,GC435,AQA,,AQA,,96,,279,
629,Communications and Media Production,GC450,254,,254,,254,,280,
630,Music Production for Games (portfolio),GC460,,,,,,,,#
631,Design Communication (portfolio),GC462,,,,,,,,#
632,Communications,GC465,AQA,,,,AQA,,349,
633,Film and TV Production,GC466,AQA,,AQA,,AQA,,339,
634,Photographic Media,GC470,169,,169,,169,,279,
635,Photography,GC475,150,,150,,150,,348,
636,Interior Architecture (portfolio),GC489,254,,,,254,,301,#
637,Interior Design,GC490,117,,117,,117,,360,
638,Fashion Design (portfolio),GC494,337,,217,,217,,412,#
639,Fashion,GC495,129,,129,,129,,349,
640,Arts (Joint-Honours),GY101,300,,,,300,,391,
641,Arts (Psychology),GY104,523,,520,,519,,542,
642,Arts (History),GY105,301,,,,301,,377,
643,Na Dána (Gaeilge agus Léann an Aistriúcháin),GY107,409,,,,409,,456,
644,Arts (Mathematics and Education),GY109,403,,,,403,,466,
645,Arts with Children`s Studies,GY110,357,,,,357,,418,
646,Arts with Creative Writing,GY111,330,,,,330,,492,
647,Arts with Film Studies,GY112,321,,,,321,,399,
648,Arts with Human Rights,GY113,368,,,,368,,422,
649,Arts with Performing Arts Studies,GY115,387,,,,387,,443,
650,"Arts (Drama, Theatre and Performance Studies)",GY118,451,,,,451,,492,
651,Arts (Journalism),GY119,400,,,,400,,465,
652,"Arts (Child, Youth and Family: Policy and Practice)",GY120,350,,,,350,,397,
653,Arts (Children`s Studies),GY121,356,,,,356,,419,
654,Na Dána (Cumarsáid agus Gaeilge),GY122,361,,,,361,,453,
655,Applied Social Sciences,GY123,358,,,,358,,410,
656,Arts (Arts with Data Science),GY124,454,,,,454,,490,
657,Arts (Digital Arts and Technology),GY125,328,,,,328,,347,
658,Arts (English and Media Studies),GY126,391,,,,391,,462,
659,Arts (Film and Digital Media),GY127,401,,,,401,,462,
660,Arts (Global Languages),GY128,352,,,,352,,476,
661,Arts (International),GY129,420,,,,420,,462,
662,Arts (Music),GY130,408,,,,408,,495,
663,Arts (History and Globalisation Studies),GY131,360,,,,360,,440,
664,"Government (Politics, Economics and Law)",GY132,407,,,,407,,435,
665,Education (Computer Science and Mathematical Studies),GY133,422,,,,422,,498,
666,Geography and Geosystems,GY134,410,,,,410,,445,
667,Commerce,GY201,433,,,,433,,466,
668,Commerce (International) with French,GY202,484,,,,484,,511,
669,Commerce (International) with German,GY203,489,,,,489,,566,
670,Commerce (International) with Spanish,GY204,495,,,,495,,511,
671,Business Information Systems (Work Placement & Optional Int`l Study),GY206,465,,,,465,,488,
672,Commerce (Accounting) including optional Global Experience year,GY207,509,,,,509,,543,
673,Commerce (Gaeilge),GY208,473,,,,473,,511,
674,Commerce (Global Experience),GY209,530,,,,530,,554,
675,Law and Business,GY250,487,,,,487,,510,
676,Law (BCL),GY251,499,,,,499,,518,
677,Law (BCL) and Human Rights,GY252,520,,,,520,,541,
678,Law and Taxation,GY253,509,,,,509,,543,
679,"Law (BCL), Criminology and Criminal Justice",GY254,530,,,,530,,554,
680,"Business Studies (International Hotel Management, interview)",GY261,497,,,,497,,611,#
681,"Commerce (International Hotel Management, interview)",GY262,681,,,,681,,724,#
682,Science,GY301,433,,432,,432,,487,
683,Biomedical Science,GY303,556,,,,556,,589,
684,Biotechnology,GY304,465,,,,465,,498,
685,Environmental Science,GY308,408,,,,408,,484,
686,Financial Mathematics and Economics,GY309,487,,,,487,,532,
687,Marine Science,GY310,419,,,,419,,476,
688,Environmental Health and Safety,GY313,412,,,,412,,440,
689,Earth and Ocean Sciences,GY314,403,,,,403,,444,
690,Biopharmaceutical Chemistry,GY318,509,,,,509,,542,
691,Mathematical Science,GY319,476,,,,476,,566,
692,"Physics (Degree options: Applied,Astrophysics,Biomedical,Theoretical)",GY320,402,,,,402,,478,
693,Genetics and Genomics,GY321,508,,,,508,,532,
694,Computer Science and Information Technology,GY350,403,,,,403,,454,
695,Engineering (Undenominated),GY401,465,,,,465,,511,
696,Civil Engineering,GY402,455,,,,455,,499,
697,Mechanical Engineering,GY405,454,,,,454,,509,
698,Electronic and Computer Engineering,GY406,510,,,,510,,544,
699,Biomedical Engineering,GY408,509,,,,509,,554,
700,Project and Construction Management,GY410,403,,,,403,,456,
701,Energy Systems Engineering,GY413,502,,,,502,,531,
702,Electrical and Electronic Engineering,GY414,405,,,,405,,429,
703,"Medicine (five year/six year course, HPAT required)",GY501,728,*,,,728,,731,#
704,Occupational Therapy,GY502,555,,,,555,,567,
705,Speech and Language Therapy,GY503,543,,,,543,,554,
706,Podiatric Medicine,GY504,443,,,,443,,476,
707,General Nursing (Galway and Portiuncula),GY515,476,,473,,473,,496,
708,Mental Health Nursing,GY516,440,,,,440,,467,
709,Midwifery,GY517,495,,,,495,,518,
710,Accounting and Finance,ID001,203,,,,203,,253,
711,Business Studies,ID002,294,,,,294,,309,
712,"Art and Design (Common Entry, portfolio)",LC110,740,,,,740,,961,#
713,Fashion and Textiles for Product and Costume (portfolio),LC114,880,,,,880,,1029,#
714,Art and Design Teacher Education (portfolio),LC115,942,,,,942,,1013,#
715,Digital Marketing,LC220,262,,,,262,,298,
716,Accounting and Finance,LC221,241,,,,251,,489,
717,Marketing and Management,LC222,270,,,,270,,405,
718,Law and Taxation,LC223,307,,,,307,,356,
719,Accounting and Finance,LC224,300,,,,300,,371,
720,Marketing and Management,LC225,298,,,,298,,358,
721,Enterprise and Innovation,LC226,234,,234,,234,,310,
722,Sports Development and Coaching,LC228,205,,,,205,,341,
723,Business with Computing,LC230,217,,,,217,,386,
724,Software Development,LC233,272,,,,272,,339,
725,Interactive Digital Media,LC234,225,,,,225,,307,
726,Internet Systems Development,LC235,205,,,,205,,315,
727,Internet Systems Development,LC236,262,,260,,260,,272,
728,Computer Networks and Systems Management,LC239,307,,,,309,,371,
729,Construction Management,LC241,255,,,,255,,338,
730,Property Valuation and Management,LC242,282,,,,282,,320,
731,Quantity Surveying,LC243,294,,,,298,,362,
732,Built Environment (Common Entry),LC248,288,,,,288,,376,
733,Civil Engineering,LC251,206,,,,206,,377,
734,Civil Engineering Management,LC252,270,,,,270,,308,
735,Interior Design,LC257,264,,,,264,,378,
736,Applied Biology,LC260,326,,,,326,,466,
737,Clinical Technology,LC263,294,,,,294,,359,
738,Forensic and Pharmaceutical Sciences,LC265,413,,,,413,,476,
739,Drug and Medicinal Product Analysis,LC266,262,,,,262,,300,
740,Forensic and Pharmaceutical Sciences,LC267,329,,,,329,,443,
741,Medical Technology,LC268,289,,,,289,,411,
742,Music Technology and Production,LC270,307,,,,307,,398,
743,Electrical Engineering,LC271,261,,,,261,,348,
744,Electrical Engineering,LC275,298,,,,298,,384,
745,Creative Broadcast and Film Production,LC276,297,,,,297,,409,
746,Industrial Automation and Robotic Systems,LC277,232,,,,232,,342,
747,Renewable and Electrical Energy Engineering,LC278,280,,,,280,,387,
748,Electronic Engineering,LC279,214,,,,226,,392,
749,Automobile Technology,LC281,208,,,,208,,332,
750,Precision Engineering,LC283,227,,,,233,,296,
751,"Agricultural Mechanisation at Salesian Agricultural College,Pallaskenry",LC284,200,,,,200,,315,
752,Mechanical Engineering,LC285,272,,,,272,,455,
753,Road Transport Technology and Management,LC286,264,,,,264,,360,
754,Mechanical Engineering,LC288,347,,346,,346,,415,
755,Precision Engineering,LC289,291,,,,291,,350,
756,Community Sport Development,LC290,188,,,,188,,312,
757,Social Care Work,LC292,367,,,,367,,389,
758,Business Studies with Travel and Tourism Management,LC293,307,,,,307,,356,
759,Business Studies with Event Management,LC294,279,,,,279,,347,
760,Business Studies with Sports Management,LC295,252,,,,252,,313,
761,Community Development,LC297,235,,,,235,,298,
762,Business,LC320,346,,,,346,,388,
763,Business with Computing,LC330,297,,,,297,,378,
764,Computing,LC336,207,,,,222,,337,
765,Interior Design,LC340,350,,,,350,,391,
766,Biotechnology and Biopharmaceutical Sciences,LC362,413,,,,413,,440,
767,Creative Broadcast and Film Production,LC371,309,,,,309,,378,
768,Music Technology and Production,LC372,325,,,,325,,402,
769,Renewable and Electrical Energy Engineering,LC374,318,,,,318,,410,
770,Industrial Automation and Robotic Systems,LC375,317,,,,317,,392,
771,Electronic Engineering,LC376,318,,,,318,,358,
772,Automotive Engineering and Transport Management,LC380,303,,298,,298,,337,
773,Business Studies in Beauty and Spa Management,LC392,236,,,,236,,328,
774,Early Childhood Education and Care,LC393,236,,,,236,,307,
775,Culinary Arts,LC398,163,,,,163,,376,
776,Hospitality Supervision,LC399,148,,,,148,,300,
777,Early Childhood Education and Care,LC401,297,,,,297,,298,
778,Social Care Work,LC402,225,,,,225,,288,
779,Environmental Science and Climate,LC408,279,,,,279,,348,
780,Data Analytics and Cyber Security,LC414,236,,,,236,,336,
781,Business,LC415,197,,,,197,,444,
782,Business,LC416,274,,,,274,,391,
783,Computing - Games Design and Development,LC418,270,,,,270,,338,
784,Sports Strength and Conditioning,LC422,298,,,,298,,347,
785,Sports Strength and Conditioning,LC423,157,,,,157,,330,
786,Environmental Science,LC425,278,,,,278,,399,
787,Environmental Science and Agriculture,LC428,278,,,,278,,429,
788,Early Childhood Education and Care,LC432,144,,,,144,,367,
789,Environmental Science and Agriculture,LC434,297,,,,297,,349,
790,Game Art and Design (portfolio),LC502,852,,,,852,,1024,#
791,Creative Media and Design,LC504,192,,,,192,,378,
792,Creative Media and Design,LC517,234,,,,234,,327,
793,Digital Animation Production (portfolio),LC518,808,,,,808,,939,#
794,Social Care Work,LC602,260,,,,260,,370,
795,Early Childhood Education and Care,LC603,147,,,,174,,327,
796,Business,LC605,195,,,,195,,418,
797,Social Care Work,LC612,320,,,,320,,343,
798,Early Childhood Education and Care,LC613,242,,,,242,,327,
799,Arts,LM002,348,,,,348,,410,
800,Law and Accounting,LM020,465,,,,465,,499,
801,Performing Arts (audition required),LM026,303,,,,303,,401,#
802,Criminal Justice,LM028,418,,,,418,,440,
803,Law Plus,LM029,490,,,,490,,521,
804,Psychology and Sociology,LM038,500,,,,500,,507,
805,Journalism and Digital Communication,LM039,402,,,,402,,455,
806,European Studies,LM040,369,,,,369,,488,
807,Applied Languages,LM044,442,,,,442,,499,
808,Business Studies (options),LM050,431,,,,431,,476,
809,International Business,LM056,528,,,,528,,555,
810,Financial Mathematics,LM058,403,,,,403,,521,
811,Technology Management,LM063,379,,,,379,,419,
812,Food Science and Health,LM068,421,,,,421,,454,
813,Product Design and Technology (portfolio required),LM076,408,,,,408,,487,#
814,Aeronautical Engineering,LM077,520,,,,520,,554,
815,Construction Management and Engineering,LM082,398,,,,398,,434,
816,Sport and Exercise Sciences,LM089,474,,,,474,,489,
817,Physical Education with concurrent Teacher Education,LM090,532,*,,,532,*,565,
818,Languages with concurrent Teacher Education,LM091,517,,,,517,,543,
819,Science with Teacher Ed (Biology with Physics/Chemistry/Ag Science),LM092,507,,,,507,,531,
820,Equine Science,LM093,339,,,,339,,412,
821,Materials and Architectural Technology with concurrent Teacher Education,LM094,440,,,,440,,478,
822,Materials and Engineering Technology with concurrent Teacher Education,LM095,367,,,,367,,421,
823,Science with Teacher Ed (Physical Sciences with Chemistry and Physics),LM096,405,,,,405,,454,
824,Mathematics and Computer Science with concurrent Teacher Education,LM097,402,,,,402,,509,
825,Architecture (portfolio requirement suspended),LM099,498,,,,498,,532,#
826,Physiotherapy,LM100,589,*,,,589,*,601,
827,Medicine  - Graduate Entry (GAMSAT required),LM101,55,*,,,55,*,57,#
828,Psychology,LM102,509,,,,509,,529,
829,Paramedic Studies (B/C1/C1 Provisional Drivers Licence),LM103,392,,,,392,,445,#
830,Chemical and Biochemical Engineering,LM115,454,,,,454,,532,
831,Engineering (Biomedical/Civil/Design and Manufacture/Mechanical),LM116,476,*,,,476,*,521,
832,Electronic and Computer Engineering,LM118,403,,,,403,,489,
833,Computer Science (Computer Systems/Games Dev/Mobile Comm Security),LM121,351,,,,351,,423,
834,Creative Media and Interaction Design (Digital Design/Music Media Tech),LM122,327,,,,327,,401,
835,Biological & Chemical Sciences (Biosci/Envir Sci/Ind Bio/IndPharma Chem),LM123,441,*,,,441,*,478,
836,Mathematics (Math Science/Maths and Physics/Economics and Maths),LM124,437,,,,437,,509,
837,Physics (Applied Physics or Mathematics & Physics),LM125,404,,,,404,,520,
838,General Nursing,LM150,475,*,,,475,*,498,
839,Mental Health Nursing,LM152,419,*,,,419,*,430,
840,Intellectual Disability Nursing,LM154,420,,,,440,,473,
841,Midwifery,LM156,469,,,,469,,499,
842,Equine Science,LM180,337,,,,328,,440,
843,Business - Common Entry,LY107,161,,161,,161,,358,
844,Business - Accounting,LY108,309,,,,309,,431,
845,Business,LY118,290,,,,290,,377,
846,Sports Studies,LY206,149,,148,,148,,299,
847,Law with Criminal Justice,LY207,160,,160,,160,,377,
848,Law,LY208,300,,,,300,,367,
849,Sports and Exercise - Common Entry,LY228,300,,,,300,,367,
850,Culinary Arts,LY317,229,,224,,224,,387,
851,Hospitality And Tourism - Common Entry,LY327,170,,170,,170,,317,
852,Design - Common Entry,LY408,320,,,,320,,381,#
853,Digital Film and Video,LY427,172,,170,,172,,307,
854,Animation,LY437,198,,223,,198,,387,#
855,Fashion with Promotion,LY447,266,,279,,266,,384,#
856,Graphic and Digital Design,LY457,179,,204,,189,,356,#
857,Quantity Surveying,LY507,181,,181,,181,,312,
858,Fire Safety Engineering,LY508,276,,,,276,,326,
859,Quantity Surveying,LY518,301,,,,301,,368,
860,Civil Engineering,LY527,165,,163,,163,,329,
861,Construction Management,LY528,271,,,,271,,321,
862,Electronic Engineering,LY607,160,,,,160,,389,
863,Mechanical Engineering,LY608,300,,,,300,,379,
864,Mechanical Engineering,LY617,180,,180,,180,,328,
865,Electronic Engineering,LY618,312,,,,312,,402,
866,Computer Games Development,LY707,204,,,,204,,299,
867,Applied Computing,LY708,306,,,,306,,372,
868,Computing,LY717,164,,160,,160,,350,
869,Computer Security and Digital Forensics,LY737,169,,169,,169,,348,
870,Computer Science,LY748,317,,317,,317,,420,
871,Pharmacy Technician,LY806,232,,,,232,,377,
872,Dental Nursing,LY816,233,,223,,223,,326,
873,Bioscience,LY817,248,,,,248,,420,
874,Science - Common Entry,LY818,303,,,,303,,409,
875,Health Science with Physiotherapy Studies,LY826,456,,401,,339,,445,
876,Agriculture - Common Entry,LY828,307,,,,307,,351,
877,Health Science with Occupational Therapy Studies,LY836,473,,408,,278,,451,
878,Food Science and Nutrition,LY837,194,,194,,194,,388,
879,Health Science with Dietetics Studies,LY846,316,,316,,291,,462,
880,Veterinary Nursing,LY847,367,*,367,,367,,399,
881,Pharmaceutical & Medicinal Science,LY867,163,,163,,163,,310,
882,Agriculture,LY877,202,,181,,181,,327,
883,"Early Childhood Care, Health and Education",LY906,205,,161,,161,,356,
884,General Nursing,LY908,400,*,,,400,*,423,
885,Health and Social Care,LY916,181,,,,181,,336,
886,Psychiatric Nursing,LY918,357,*,,,357,,387,
887,Intellectual Disability Nursing,LY928,326,*,,,328,,346,
888,"Early Childhood Care, Health and Education",LY968,303,,,,303,,361,
889,Health & Social Care - Common Entry,LY978,280,,,,280,,330,
890,Education - Primary Teaching (Froebel),MH001,507,,,,507,,531,
891,Education - Primary Teaching - Gaeltacht Applicants (Froebel),MH002,,,,,,,,#
892,Arts,MH101,318,,,,318,,388,
893,Music,MH103,#,,,,#,,#,#
894,Psychology - 3 years,MH106,521,,,,521,,529,
895,Social Science,MH107,346,,,,346,,388,
896,Media Studies,MH109,316,,,,316,,377,
897,Community and Youth Work (Full-Time),MH116,#,,,,#,,#,#
898,Science,MH201,360,,,,360,,418,
899,Biotechnology,MH202,455,,,,455,,466,
900,Biological and Geographical Sciences,MH203,430,,,,430,,465,
901,Physics with Astrophysics,MH204,422,,,,422,,479,
902,Theoretical Physics and Mathematics,MH206,510,,,,510,,533,
903,Data Science,MH207,445,,,,445,,520,
904,Biological and Biomedical Sciences,MH208,498,,,,498,,510,
905,Psychology (through Science) - 4 years,MH209,498,,,,498,,510,
906,Pharmaceutical and Biomedical Chemistry,MH210,487,,,,487,,520,
907,Science or Maths & Computer Science or Maths & Applied Maths (with Ed),MH212,422,,,,422,,487,
908,Engineering (Computer/Electronic/Communications),MH304,333,,333,,333,,444,
909,Product Design,MH305,357,,,,357,,409,
910,Robotics and Intelligent Devices,MH306,361,,,,361,,433,
911,Finance (options),MH401,357,,,,357,,398,
912,Quantitative Finance,MH402,476,,,,476,,509,
913,Accounting and Finance,MH403,422,,,,422,,468,
914,Business (options),MH404,430,,,,430,,454,
915,Equine Business,MH405,357,,,,357,,408,
916,Business and Accounting,MH407,420,,,,420,,462,
917,Entrepreneurship,MH411,371,,,,371,,408,
918,LLB Law - four year Single Major Law programme,MH501,473,,,,473,,495,
919,Law (options),MH502,451,,,,451,,473,
920,Computer Science through Arts (options),MH601,352,,,,352,,403,
921,Computer Science through Science (options),MH602,351,,,,351,,409,
922,Computational Thinking,MH603,532,,,,532,,544,
923,Early Childhood - Teaching and Learning (part-time),MH801,327,,,,327,,378,
924,"Community and Youth Work (part-time, in service)",MH802,#,,#,,#,,,#
925,"Local Studies/Community Studies (part-time, evening) - Mature Students",MH803,#,,#,,#,,,#
926,Contemporary & Applied Theatre Studies,MI001,375,,,,390,,412,
927,Arts,MI002,300,,281,,281,,389,
928,Education - Primary Teaching - International,MI004,577,,,,577,,589,
929,Education - Primary Teaching,MI005,495,,,,495,,521,
930,Education - Primary Teaching - Gaeltacht Applicants,MI006,456,,,,462,,519,#
931,Early Childhood Care and Education,MI007,357,,,,357,,409,
932,Education and Psychology - Primary Teaching,MI008,588,,,,588,,601,
933,"Education, Business Studies and Accounting",MI009,402,,,,402,,455,
934,"Education, Business Studies and Religious Studies",MI010,368,,,,368,,389,
935,"Education, Gaeilge and Religious Studies",MI011,409,,,,409,,451,
936,"Education, Gaeilge and Business Studies",MI012,401,,,,401,,463,
937,"Education, Mathematics and Gaeilge",MI013,444,,,,444,,477,
938,"Education, Mathematics and Business Studies",MI014,434,,,,434,,487,
939,Theology and Arts,MU001,290,,290,,290,,349,
940,Theology,MU002,440,,,,440,,440,
941,Computing (Degree Award options),NC003,260,,,,260,,303,
942,Human Resource Management,NC005,300,,,,300,,331,
943,Business,NC009,300,,,,300,,346,
944,Psychology,NC010,400,,,,400,,440,
945,Marketing Practice,NC020,280,,,,282,,338,
946,Accounting and Finance,NC022,337,,,,337,,378,
947,Technology Management (with specialisations),NC023,261,,,,261,,282,
948,Computing,NC102,220,,,,220,,342,
949,Business,NC103,250,,,,250,,327,
950,Business Computing,NC104,243,,,,243,,423,
951,Montessori Education,NM701,187,,,,187,,407,
952,Montessori Education,NM801,220,,,,220,,290,
953,Arts and Humanities,PC402,200,,121,,80,,368,
954,Applied Social Studies - Professional Social Care,PC404,217,,197,,175,,269,
955,"Social, Political and Community Studies",PC405,253,,216,,216,,311,
956,Arts and Humanities (fulfils Teaching Council requirements),PC410,252,,209,,209,,300,
957,English and History (fulfils Teaching Council requirements),PC411,255,,209,,209,,310,
958,Medicine - Undergraduate Entry (HPAT required),RC001,733,,,,733,,738,#
959,Physiotherapy,RC004,566,,,,566,,567,
960,Pharmacy,RC005,579,,,,578,*,589,
961,Medicine - Graduate Entry (GAMSAT required),RC101,,,,,61,,63,#
962,Business,SG101,160,,160,,160,,336,
963,Computing (Level 6 - General Entry),SG102,254,,,,254,,321,
964,Computing - Games Development,SG131,280,,,,280,,378,
965,Applied Sport with Business,SG134,215,,,,215,,337,
966,Business in Tourism with Event Management,SG135,187,,,,187,,338,
967,Computing - Software Development,SG136,272,,,,272,,328,
968,Computing (Computer Networks and Cloud Infrastructure),SG137,324,,,,326,,367,
969,Computing (Level 7 - General Entry),SG138,260,,,,260,,351,
970,Business,SG141,261,,,,261,,347,
971,Business in International Marketing and Languages (French),SG142,279,,,,279,,386,
972,Business in International Marketing and Languages (Spanish),SG144,270,,,,270,,347,
973,Accounting,SG146,309,,,,309,,411,
974,Sport with Business,SG147,307,,,,307,,367,
975,Tourism with Event Management,SG148,269,,,,269,,340,
976,Fine Art,SG231,449,,449,,449,,556,#
977,Creative Design,SG232,273,,,,276,,353,
978,Performing Arts (Theatre Design),SG235,319,,,,319,,398,
979,Performing Arts (Acting),SG236,235,,,,235,,400,
980,Performing Arts,SG241,328,,,,328,,387,
981,Early Childhood Care and Education,SG242,279,,,,279,,319,
982,Social Care Practice,SG243,301,,,,301,,346,
983,Fine Art,SG244,505,,,,505,,505,#
984,Creative Design,SG245,282,,,,282,,339,
985,Computing,SG246,290,,,,290,,333,
986,English and Psychology,SG247,309,,,,309,,382,
987,Sociology and Politics,SG248,281,,,,281,,327,
988,Writing and Literature,SG249,297,,,,297,,368,
989,Application Design and User Experience,SG250,412,,,,412,,412,
990,Computing (Smart Technologies),SG251,327,,,,342,,367,
991,Software Development,SG252,307,,,,307,,319,
992,Computer Networks and Cloud Infrastructure,SG253,324,,,,378,,378,
993,Writing and Literature Online,SG254,225,,225,,225,,328,
994,Engineering (General Entry),SG300,209,,,,209,,296,
995,Construction Economics,SG302,184,,,,184,,256,
996,Applied Construction Technology,SG308,171,,,,171,,354,
997,Engineering (General Entry),SG330,243,,,,243,,399,
998,Interior Architecture and Design,SG331,236,,,,236,,378,
999,Advanced Wood and Sustainable Building Technology,SG332,208,,,,208,,338,
1000,Mechanical Engineering,SG333,216,,,,216,,347,
1001,Mechatronic Engineering,SG334,290,,,,290,,361,
1002,Precision Engineering and Design,SG336,309,,,,309,,451,
1003,Civil Engineering,SG338,245,,,,245,,443,
1004,Quantity Surveying,SG339,195,,,,195,,337,
1005,Civil Engineering,SG342,415,,,,415,,480,
1006,Quantity Surveying,SG343,311,,,,311,,367,
1007,Construction Project Management and Applied Technology,SG346,291,,,,291,,337,
1008,Architecture,SG347,360,,,,360,,411,
1009,Interior Architecture and Design,SG348,316,,,,331,,368,
1010,Science,SG401,209,,209,,209,,288,
1011,Environmental Science with Ecology (Level 6),SG404,264,,264,,358,,377,
1012,Health and Exercise Science,SG406,367,,,,367,,429,
1013,Pharmaceutical Science with Drug Development,SG431,269,,,,269,,387,
1014,Occupational Safety and Health,SG433,223,,,,223,,360,
1015,Human Nutrition,SG434,280,,,,280,,420,
1016,Health Science and Physiology,SG435,289,,,,289,,409,
1017,Biomedical Science,SG436,262,,,,262,,465,
1018,Forensic Investigation and Analysis,SG437,243,,,,243,,367,
1019,Environmental Science with Ecology (Level 7),SG439,254,,,,254,,409,
1020,Occupational Safety and Health,SG442,290,,,,290,,367,
1021,Human Nutrition,SG443,356,,,,356,,397,
1022,Science Undenominated,SG444,338,,,,338,,420,
1023,Pharmaceutical Science with Drug Development,SG445,311,,,,311,,367,
1024,Health Science and Physical Activity,SG447,328,,,,328,,387,
1025,Forensic Investigation and Analysis,SG448,306,,,,307,,368,
1026,Medical Biotechnology,SG449,341,,,,341,,395,
1027,Environmental Science with Ecology (Level 8),SG450,300,,,,304,,368,
1028,Health and Medical Information Science (Online),SG530,285,,285,,285,,285,
1029,Business Administration,SG535,228,,,,228,,316,
1030,Business,SG536,223,,,,223,,379,
1031,Marketing and Sales,SG537,234,,,,234,,389,
1032,Culinary Arts,TL620,189,,189,,189,,308,
1033,Science (Biological and Environmental Studies),TL651,223,,223,,233,,434,
1034,Pharmacy Technician,TL652,260,,,,260,,348,
1035,"Animation, Visual Effects and Motion Design (Level 7)",TL701,228,,,,228,,443,
1036,"TV, Radio and New Media (Level 7)",TL702,243,,,,243,,462,
1037,Computing with Software Development,TL710,232,,,,232,,319,
1038,Computing with Games Development,TL711,224,,,,224,,301,
1039,Computing (Degree Award options),TL715,251,,,,251,,368,
1040,Computer Systems and Networking,TL716,269,,,,269,,338,
1041,Business (Major Specialism in: Acctng or Mktg or Mgmnt),TL731,219,,,,219,,399,
1042,Agricultural Mechanisation,TL743,,,,,,,,
1043,Agricultural Engineering,TL744,243,,,,243,,359,
1044,Civil and Environmental Engineering,TL745,261,,261,,145,,355,
1045,Engineering in Mechanical and Manufacturing Engineering,TL747,200,,,,200,,368,
1046,Agricultural Science,TL748,249,,,,249,,398,
1047,Pharmaceutical Science (Degree Award options),TL755,261,,,,261,,433,
1048,Animal Bioscience,TL758,251,,,,261,,380,
1049,Health and Leisure (Degree Award Options),TL771,208,,,,208,,370,
1050,Health and Leisure with Massage,TL772,218,,,,218,,378,
1051,Coaching and Sports Performance,TL773,106,,106,,106,,297,
1052,Early Childhood Care and Education,TL780,234,,,,234,,354,
1053,Social Care,TL781,225,,,,225,,318,
1054,"Animation, Visual Effects and Motion Design (Level 8)",TL801,281,,,,281,,349,
1055,"TV, Radio and New Media (Level 8)",TL802,325,,,,325,,397,
1056,Computing with Software Development,TL810,310,,,,310,,389,
1057,Computing with Games Development,TL811,358,,,,358,,,
1058,Computing (Degree Award options),TL815,308,,,,308,,360,
1059,Event Management (3 year programme),TL823,299,,,,299,,369,
1060,Business Studies (Major Specialism in: Acctng or Mktg or Mgmnt),TL831,306,,,,306,,381,
1061,Agricultural Engineering,TL844,300,,,,300,,373,
1062,Civil Engineering,TL845,325,,,,325,,413,
1063,Manufacturing Engineering,TL847,302,,,,302,,368,
1064,Agricultural Science,TL848,308,,,,308,,380,
1065,Wildlife Biology (Degree Award options),TL851,309,,,,309,,383,
1066,Pharmaceutical Science (Degree Award options),TL855,317,,,,317,,369,
1067,Veterinary Bioscience,TL858,308,,,,308,,393,
1068,Health and Leisure (Degree Award options),TL871,300,,,,300,,379,
1069,Health and Leisure with Massage,TL872,309,,,,309,,408,
1070,Coaching and Sports Performance,TL873,289,,,,289,,329,
1071,Early Childhood Care and Education,TL880,307,,,,307,,349,
1072,Social Care,TL881,308,,,,309,,362,
1073,Counselling with Addiction - Mature applicants only,TL889,,,,,,,,#
1074,General Nursing and Mature Applicants,TL890,440,*,414,,414,,441,
1075,Mental Health Nursing and Mature Applicants,TL891,389,,378,,378,,399,
1076,Music,TR002,435,,429,,382,,468,
1077,History,TR003,497,,493,,456,,511,
1078,Law,TR004,566,,565,*,565,*,578,
1079,Philosophy,TR005,442,,,,442,,476,
1080,Psychology,TR006,567,,555,*,555,*,578,
1081,Clinical Speech and Language Studies,TR007,529,,,,529,,553,
1082,Music Education,TR009,420,,,,420,,532,#
1083,History and Political Science,TR012,555,,554,,552,*,578,
1084,"Philosophy, Political Science, Economics and Sociology",TR015,589,,,,589,,601,
1085,Deaf Studies,TR016,340,,,,329,,377,
1086,Law and Business,TR017,602,,,,602,,613,
1087,Law and French,TR018,565,,,,565,,589,
1088,Law and German,TR019,543,,542,,542,,566,
1089,Law and Political Science,TR020,602,,,,601,*,613,
1090,"Classics, Ancient History and Archaeology",TR021,370,,,,370,,434,
1091,Early and Modern Irish,TR022,398,,,,398,,451,
1092,English Studies,TR023,487,,476,,474,,511,
1093,European Studies,TR024,544,,542,,530,,566,
1094,Drama and Theatre Studies,TR025,564,,530,,530,,581,#
1095,Ancient and Medieval History and Culture,TR028,342,,,,342,,453,
1096,Political Science and Geography,TR029,526,,520,,510,,533,
1097,Mathematics,TR031,531,,,,531,,589,
1098,Engineering,TR032,510,,509,*,508,,533,
1099,Computer Science,TR033,509,,,,509,,545,
1100,Management Science and Information Systems Studies,TR034,613,*,,,613,*,625,
1101,Theoretical Physics,TR035,543,,,,543,,601,
1102,Engineering with Management,TR038,532,,,,532,,556,
1103,Computer Science and Language,TR039,454,,424,,424,,488,
1104,Middle Eastern and European Languages and Cultures,TR040,466,,,,466,,521,
1105,Religion,TR041,368,,,,368,,418,
1106,Film,TR042,489,,476,,466,,498,
1107,History of Art and Architecture,TR043,393,,354,,354,,474,
1108,Medicine (HPAT required),TR051,735,*,734,*,734,,745,#
1109,Dental Science,TR052,613,*,613,*,613,*,625,
1110,Physiotherapy,TR053,566,*,566,*,566,*,567,
1111,Occupational Therapy,TR054,533,,,,533,,554,
1112,Radiation Therapy,TR055,543,,,,543,,554,
1113,Human Health and Disease,TR056,565,,,,564,,578,
1114,Biological and Biomedical Sciences,TR060,543,*,543,,543,,566,
1115,Chemical Sciences,TR061,517,,510,,510,,532,
1116,Geography and Geoscience,TR062,473,,,,473,,499,
1117,Physical Sciences,TR063,498,*,498,,477,*,531,
1118,Pharmacy,TR072,590,,,,590,,613,
1119,Global Business,TR080,589,*,,,589,*,601,
1120,"Business, Economic and Social Studies (BESS)",TR081,543,*,543,*,543,*,565,
1121,Computer Science and Business,TR082,555,,,,555,,578,
1122,Sociology and Social Policy,TR083,498,,487,,478,,513,
1123,Social Studies (Social Work),TR084,462,*,,,462,*,495,
1124,Business Studies and French,TR085,540,,531,,521,*,543,
1125,Business Studies and German,TR086,509,,499,*,499,,518,
1126,Business Studies and Russian,TR087,474,,465,,456,*,488,
1127,Business Studies and Polish,TR089,444,,424,,424,,468,
1128,Business Studies and Spanish,TR090,531,*,,,531,*,542,
1129,General Nursing (Meath and St James`s),TR091,429,,,,429,,455,
1130,General Nursing (Adelaide School of Nursing),TR093,430,,429,,414,,441,#
1131,Mental Health Nursing,TR095,408,,,,408,,430,
1132,Intellectual Disability Nursing,TR097,396,,,,378,,398,
1133,Ancient History and Archaeology/Geography,TR111,352,,,,352,,429,
1134,Ancient History and Archaeology/History,TR112,529,,,,529,,,
1135,Ancient History and Archaeology/History of Art and Architecture,TR113,337,,,,337,,477,
1136,Ancient History and Archaeology/Modern Language,TR114,337,,,,337,,420,
1137,Ancient History and Archaeology/Religion,TR117,342,,,,342,,368,
1138,Classical Civilisation/English Literature,TR166,498,*,496,,496,,523,
1139,Classical Civilisation/History of Art and Architecture,TR173,335,,,,335,,466,
1140,Classical Civilisation/Modern Language,TR177,335,,,,335,,536,
1141,Classical Civilisation/Philosophy,TR179,499,,,,479,,518,
1142,Economics/Geography,TR198,534,,,,534,,552,
1143,Economics/History,TR202,534,,,,534,,566,
1144,Economics/Mathematics,TR207,566,*,,,566,*,601,
1145,Economics/Modern Language,TR208,534,,,,534,,578,
1146,Economics/Philosophy,TR209,534,,,,534,,576,
1147,Economics/Sociology,TR212,534,,,,534,,541,
1148,Classical Languages/English Literature,TR228,498,*,,,498,*,533,
1149,Classical Languages/History of Art and Architecture,TR231,349,,,,349,,444,
1150,"Classical Languages/Middle Eastern,Jewish and Islamic Civilisations",TR233,349,,,,349,,566,
1151,Classical Languages/Modern Language,TR239,349,,,,349,,349,
1152,English Literature/History,TR262,529,,,,529,,552,
1153,English Literature/History of Art and Architecture,TR263,498,*,497,,497,,533,
1154,English Literature/Philosophy,TR269,499,,,,495,,532,
1155,English Literature/Sociology,TR272,498,*,,,498,*,519,
1156,English Literature/Drama Studies,TR276,#498,,,,#476,,530,#
1157,English Literature/Modern Language,TR277,498,*,495,,489,*,543,
1158,Film/Drama Studies,TR311,#521,*,,,#521,*,557,#
1159,Film/English Literature,TR312,521,*,,,521,*,541,
1160,Film/Music,TR320,521,*,,,521,*,555,#
1161,Geography/History,TR322,529,,,,529,,555,
1162,Drama Studies/Modern Language,TR323,#473,,,,#473,,551,#
1163,Film/Modern Language,TR324,521,*,,,521,*,544,
1164,Film/History,TR325,529,,,,529,,625,
1165,Geography/Modern Language,TR326,352,,,,352,,440,
1166,Geography/Sociology,TR332,498,*,496,,496,,520,
1167,History/History of Art and Architecture,TR443,529,,,,529,,532,
1168,History/Modern Language,TR447,529,,,,529,,554,
1169,History/Philosophy,TR449,529,,,,529,,543,
1170,History/Sociology,TR452,529,,,,529,,534,
1171,History/Religion,TR454,529,,,,529,,534,
1172,History of Art and Architecture/Modern Language,TR455,334,,,,334,,454,
1173,History of Art and Architecture/Philosophy,TR479,499,,,,485,,555,
1174,"Middle Eastern,Jewish and Islamic Civ./Ancient History and Archaeology",TR547,337,,,,337,,473,
1175,"Middle Eastern,Jewish and Islamic Civilisations/Classical Civilisation",TR548,335,,,,335,,543,
1176,"Middle Eastern,Jewish and Islamic Civilisations/History",TR554,529,,,,529,,555,
1177,"Middle Eastern,Jewish and Islamic Civilisations/Modern Language",TR563,335,,,,335,,451,
1178,"Middle Eastern,Jewish and Islamic Civilisations/Music",TR564,,,,,,,,#
1179,"Middle Eastern,Jewish and Islamic Civilisations/Religion",TR565,342,,,,342,,,
1180,Mathematics/Modern Language,TR597,566,*,,,566,*,625,
1181,Mathematics/Music,TR598,566,*,,,566,*,,#
1182,Mathematics/Philosophy,TR599,566,*,,,566,*,589,
1183,Music/Philosophy,TR629,499,,,,499,,,#
1184,Music/Drama Studies,TR635,#473,,,,#473,,487,#
1185,Music/Modern Language,TR636,388,,,,388,,455,#
1186,Music/Religion,TR638,388,,,,388,,440,#
1187,Philosophy/Modern Language,TR639,499,,,,499,,613,
1188,Philosophy/Sociology,TR662,499,,,,499,,531,
1189,Religion/Classical Civilisation,TR663,342,,,,342,,591,
1190,Religion/English Literature,TR664,498,*,,,498,*,565,
1191,Religion/History of Art and Architecture,TR665,342,,,,342,,452,
1192,Religion/Modern Language,TR666,,,,,,,,
1193,French/Modern Language,TR667,403,,,,403,,478,
1194,German/Modern Language,TR668,389,,,,389,,465,
1195,Irish/Modern Language,TR669,368,,,,368,,473,
1196,Italian/Modern Language,TR670,381,,,,381,,466,
1197,Russian/Modern Language,TR671,332,,,,332,,494,
1198,Spanish/Modern Language,TR672,336,,,,336,,488,
1199,Sociology/Drama Studies,TR755,#498,,,,#498,,543,#
1200,Sociology/Modern Language,TR756,498,,495,,495,,510,
1201,Dental Nursing,TR801,436,,419,,367,,455,
1202,Dental Hygiene,TR802,#543,,#511,,#498,,532,#
1203,Dental Technology,TR803,#531,,#486,,#359,,456,#
1204,Children`s and General Nursing (Integrated),TR911,511,,510,,499,*,521,
1205,Midwifery,TR913,478,,477,*,473,*,508,
1206,Electronic Engineering,TU601,232,,,,230,,326,
1207,Computer Engineering,TU602,223,,,,223,,330,
1208,Mechanical Engineering,TU603,197,,197,,197,,299,
1209,Bar and Restaurant Management,TU641,223,,,,223,,356,
1210,Culinary Arts,TU642,153,,,,153,,244,
1211,Culinary Arts (Professional Cookery Practice),TU643,236,,,,236,,383,
1212,Food Management and Entrepreneurship,TU644,223,,,,223,,456,
1213,Food Science and Management,TU645,241,,,,243,,390,
1214,Applied Biology,TU651,205,,196,,196,,359,
1215,Computing,TU652,194,,,,194,,265,
1216,Computing (Information Technology),TU653,245,,,,245,,357,
1217,Pharmacy Technician Studies,TU654,321,,,,321,,420,
1218,Computing (Networking Technologies) Learn and Work,TU655,410,,335,,335,,459,#
1219,Business,TU671,226,,,,228,,403,
1220,Business (Common entry),TU672,180,,179,,179,,274,
1221,Business Management,TU673,300,,,,300,,451,
1222,Business Studies,TU674,300,,,,306,,451,
1223,Marketing,TU675,301,,,,301,,412,
1224,Retail Management and Marketing,TU676,290,,,,290,,377,
1225,Automation Engineering,TU701,260,,,,261,,368,
1226,Biomedical Design,TU702,232,,232,,232,,351,
1227,Building Engineering,TU703,260,,,,260,,359,
1228,Civil Engineering,TU704,262,,,,262,,361,
1229,Electrical and Control Engineering,TU705,243,,,,243,,339,
1230,Electrical Services Engineering,TU706,244,,,,244,,307,
1231,Electronic Engineering,TU707,224,,224,,224,,361,
1232,Engineering (Common Entry with Award options),TU708,225,,,,225,,360,
1233,Engineering (General Entry),TU709,370,,,,370,,487,
1234,Engineering Reliability Management,TU710,244,,,,244,,305,
1235,Mechatronic Engineering,TU711,223,,,,223,,372,
1236,Sustainable Energy and Environmental Engineering,TU712,180,,180,,180,,332,
1237,Computer Engineering,TU713,221,,,,221,,322,
1238,Electronics and Communications Engineering,TU714,264,,,,264,,392,
1239,Engineering Software,TU715,181,,181,,181,,391,
1240,Networking Technology,TU716,241,,,,241,,386,
1241,Mechanical Engineering,TU717,300,,,,300,,367,
1242,Mechanical Engineering,TU718,198,,198,,198,,338,
1243,"Design,Technology and Innovation",TU719,228,,,,228,,363,
1244,Automotive Management and Technology,TU720,232,,,,232,,338,
1245,Aviation Technology,TU721,350,,,,352,,434,
1246,Process Instrumentation and Automation Learn and Work,TU722,292,,292,,401,,499,#
1247,"Auctioneering, Valuation and Estate Agency",TU731,290,,,,290,,372,
1248,Timber Product Technology,TU732,253,,198,,198,,372,
1249,Sports Management and Coaching,TU735,270,,,,270,,347,
1250,Sports Science and Health,TU736,410,,391,,391,,455,
1251,Baking and Pastry Arts Management,TU741,234,,,,238,,412,
1252,Culinary Arts,TU742,155,,155,,155,,319,
1253,Hospitality Management,TU745,245,,,,245,,357,
1254,International Hospitality and Tourism Management,TU746,170,,170,,170,,313,
1255,Tourism Management,TU747,242,,,,242,,369,
1256,Biosciences,TU751,407,,,,407,,509,
1257,DNA and Forensic Analysis,TU752,390,,,,390,,465,
1258,Industrial and Environmental Physics,TU754,270,,,,270,,487,
1259,Science (General Entry),TU755,361,,,,361,,498,
1260,Computing,TU756,200,,195,,195,,357,
1261,Computing (Information Technology),TU757,225,,,,225,,352,
1262,Digital Forensics and Cyber Security,TU758,220,,,,220,,337,
1263,Information Technology Management,TU759,211,,,,211,,330,
1264,Bioanalysis,TU760,204,,204,,204,,327,
1265,Ophthalmic Dispensing,TU761,302,,,,319,,434,
1266,Medicinal Chemistry and Pharmaceutical Sciences,TU762,364,,,,364,,510,
1267,Pharmaceutical Science,TU763,382,,349,,349,,429,
1268,Business,TU771,224,,,,224,,392,
1269,Business (Common Entry with Award options),TU772,AQA,,227,,AQA,,317,
1270,Management,TU774,195,,209,,195,,327,
1271,Accounting and Finance,TU775,260,,,,260,,465,
1272,Accounting and Finance,TU776,182,,175,,175,,337,
1273,Business and Information Technology,TU777,244,,,,244,,352,
1274,International Business,TU778,224,,,,226,,423,
1275,International Business,TU779,180,,180,,180,,368,
1276,Advertising and Marketing Communications,TU780,179,,179,,179,,366,
1277,Digital Marketing,TU781,220,,,,220,,326,
1278,Digital Marketing,TU782,179,,179,,179,,287,
1279,Marketing,TU783,189,,189,,189,,360,
1280,Applied Social Studies in Social Care,TU791,320,,,,320,,378,
1281,Community and Youth Development,TU792,101,,250,,101,,288,
1282,Early Childhood Care and Education,TU793,220,,,,220,,386,
1283,Early Childhood Care and Education,TU794,390,,250,,230,,376,
1284,Visual Merchandising and Display,TU795,481,,,,481,,763,#
1285,Creative Digital Media,TU796,225,,,,225,,383,
1286,Biomedical Design,TU801,235,,,,235,,381,
1287,Electrical Services and Energy Management,TU802,317,,300,,300,,352,
1288,Electronic Engineering,TU803,243,,243,,243,,337,
1289,Engineering (Common Entry with Award options),TU804,271,,,,271,,338,
1290,Engineering (General Entry),TU805,402,,,,402,,466,
1291,Sustainable Energy Engineering,TU806,262,,,,262,,318,
1292,Computer Engineering in Mobile Systems,TU807,276,,,,276,,305,
1293,Engineering Software,TU808,260,,260,,260,,339,
1294,Mechanical Engineering,TU809,235,,,,235,,347,
1295,Mechatronic Engineering,TU810,270,,,,271,,312,
1296,Product Design,TU811,411,,,,411,,444,
1297,"Design,Technology and Innovation",TU812,270,,,,270,,350,
1298,Automation Engineering,TU813,218,,218,,218,,339,
1299,Transport Operations and Technology,TU814,285,,251,,251,,372,
1300,Architectural Technology,TU831,410,,,,410,,444,
1301,Architecture (Suitability Test and Interview),TU832,622,,,,622,,658,#
1302,Construction Management,TU833,367,,,,367,,404,
1303,Geographic Science,TU834,288,,,,288,,357,
1304,Planning and Environmental Management,TU835,313,,,,313,,349,
1305,Property Economics (Valuation Surveying),TU836,401,,,,401,,433,
1306,Quantity Surveying and Construction Economics,TU837,385,,,,385,,418,
1307,Analytical Chemistry (Environmental Forensic and Pharmaceutical),TU851,349,,,,349,,419,
1308,Chemical Sciences with Medicinal Chemistry,TU852,476,,,,476,,498,
1309,Science (General Entry),TU854,476,,,,476,,495,
1310,Science with Nanotechnology,TU855,331,,319,,319,,368,
1311,Computer Science,TU856,476,,,,476,,487,
1312,Computer Science (Infrastructure),TU857,391,,,,391,,419,
1313,Computer Science (International),TU858,377,,,,377,,424,
1314,Computing,TU859,217,,234,,217,,308,
1315,Computing (Information Technology),TU860,260,,,,260,,329,
1316,Computing with Language (French/German/Spanish),TU861,308,,308,,308,,348,
1317,Computing with Data Analytics,TU862,226,,226,,226,,288,
1318,Digital Forensics and Cyber Security,TU863,280,,,,280,,338,
1319,DNA and Forensic Analysis,TU864,400,,390,,390,,429,
1320,Computing with IT Management,TU865,226,,,,226,,331,
1321,Biomedical and Molecular Diagnostics,TU866,487,,,,487,,498,
1322,Biomedical Science,TU867,524,,,,524,,542,
1323,Clinical Measurement Science,TU868,510,,,,510,,520,
1324,Environmental Health,TU869,336,,,,336,,375,
1325,Human Nutrition and Dietetics,TU870,578,,,,578,,589,
1326,Optometry,TU871,509,,,,509,,530,
1327,Public Health Nutrition,TU872,491,,,,491,,512,
1328,Industrial Mathematics,TU873,250,,250,,250,,392,
1329,Mathematical Sciences,TU874,341,,,,343,,407,
1330,Pharmaceutical Healthcare,TU875,400,,,,400,,440,
1331,Pharmaceutical Science,TU876,377,,349,,349,,391,
1332,Physics Technology,TU877,308,,,,308,,373,
1333,Physics with Energy and Environment,TU878,337,,337,,331,,444,
1334,Physics with Medical Physics and Bioengineering,TU879,351,,,,351,,403,
1335,Physics with Data Science,TU880,578,,,,,,,
1336,Food Innovation,TU881,318,,,,318,,389,
1337,Nutraceuticals in Health and Nutrition,TU882,397,,,,397,,442,
1338,Business,TU901,270,,,,270,,307,
1339,Business (Common Entry with Award options),TU902,271,,,,271,,359,
1340,Business and Management,TU903,463,,,,463,,485,
1341,Business and Law,TU904,462,,,,462,,487,
1342,Economics and Finance,TU905,465,,,,465,,488,
1343,Human Resource Management,TU906,395,,,,395,,414,
1344,Logistics and Supply Chain Management,TU907,300,,,,300,,387,
1345,Management,TU908,262,,253,,253,,337,
1346,Accounting and Finance,TU909,285,,,,285,,326,
1347,Accounting and Finance,TU910,444,,,,444,,466,
1348,Accounting and Finance,TU911,209,,192,,192,,319,
1349,Business Analytics,TU912,330,,,,330,,366,
1350,Business and Information Technology,TU913,252,,,,252,,299,
1351,Business Computing,TU914,324,,,,324,,366,
1352,International Business,TU915,252,,,,252,,302,
1353,International Business,TU916,235,,235,,235,,337,
1354,Law (LLB ) with a Language,TU917,342,,,,342,,433,
1355,Law (LLB),TU918,451,,,,451,,478,
1356,Advertising and Marketing Communications,TU919,228,,226,,226,,311,
1357,Digital Marketing,TU920,270,,,,270,,318,
1358,Digital Marketing Technologies,TU921,212,,212,,234,,300,
1359,Marketing,TU922,418,,,,418,,443,
1360,Marketing Management,TU923,228,,276,,228,,318,
1361,E-Commerce in Retailing,TU924,307,,,,307,,380,
1362,Retail and Services Management,TU925,301,,,,301,,362,
1363,Sports Management and Coaching,TU935,300,,,,300,,347,
1364,Sports Science and Health,TU936,410,,391,,391,,419,
1365,Botanical Cuisine,TU941,249,,,,249,,257,
1366,Culinary Arts,TU942,212,,212,,212,,340,
1367,Culinary Entrepreneurship,TU943,278,,,,279,,357,
1368,Culinary Science,TU944,316,,,,316,,379,
1369,International Hospitality and Tourism Management,TU951,184,,184,,200,,298,
1370,International Hospitality Management,TU952,300,,,,306,,368,
1371,Tourism and Digital Marketing,TU953,290,,,,290,,359,
1372,Event Management,TU954,356,,,,356,,404,
1373,Sports & Leisure Management,TU955,217,,317,,217,,347,
1374,Commercial Modern Music,TU961,608,,608,,608,,848,#
1375,Drama (Performance),TU962,379,,,,379,,500,#
1376,Music,TU963,416,,,,416,,535,#
1377,International Business and Languages,TU965,356,,346,,346,,413,
1378,Languages and English Studies,TU966,366,,,,434,,466,
1379,Languages and International Tourism,TU967,308,,,,326,,388,
1380,Contemporary Visual Culture,TU971,290,,,,290,,320,
1381,Creative and Cultural Industries,TU972,281,,,,281,,369,
1382,Design - Visual Communication,TU973,717,,,,717,,865,#
1383,Fine Art,TU974,709,,563,,563,,826,#
1384,Interior Design,TU975,632,,,,632,,879,#
1385,Photography,TU976,695,,,,695,,926,#
1386,Creative Digital Media,TU981,280,,,,282,,318,
1387,Creative Digital Media,TU982,320,,311,,311,,352,
1388,Film and Broadcasting,TU983,456,,451,,451,,484,
1389,Game Design,TU984,381,,,,381,,419,
1390,Journalism,TU985,322,,,,322,,377,
1391,Print Media Technology and Management,TU986,289,,,,289,,300,
1392,Applied Social Studies in Social Care,TU991,325,,,,325,,352,
1393,Community and Youth Development,TU992,251,,,,253,,297,
1394,Early Childhood Care and Education,TU993,270,,,,270,,311,
1395,Early Childhood Care and Education,TU994,321,,251,,230,,304,
1396,Early Childhood Education,TU995,367,,,,367,,409,
1397,Social Care,TU996,400,,,,400,,419,
1398,Applied Social Care,TU997,310,,283,,270,,318,
1399,Applied Computing (options),WD001,260,,260,,260,,413,
1400,Science (options),WD002,308,,,,308,,388,
1401,Business,WD003,AQA,,171,,AQA,,372,
1402,Health Sciences (options),WD005,280,,,,280,,338,
1403,Exercise Sciences (options),WD006,280,,,,280,,359,
1404,Engineering (options),WD007,288,,288,,288,,409,
1405,Electronic Engineering,WD010,181,,,,181,,318,
1406,Mechanical Engineering,WD011,198,,,,198,,341,
1407,Legal Studies,WD013,177,,,,177,,367,
1408,Applied Social Care,WD018,171,,,,171,,293,
1409,Recreation and Sport Management,WD019,174,,,,174,,309,
1410,Construction Management and Engineering,WD025,269,,,,269,,341,
1411,Music,WD027,262,,,,262,,409,#
1412,Business (options),WD048,271,,,,271,,371,
1413,Forestry,WD076,243,,,,243,,326,
1414,Accounting,WD084,308,,,,308,,411,
1415,Hospitality Management,WD091,228,,,,228,,310,
1416,Architectural Technology,WD094,166,,150,,150,,351,
1417,Horticulture (Waterford - Kildalton),WD096,260,,,,260,,389,
1418,Horticulture (Dublin - National Botanic Gardens),WD097,AQA,,,,AQA,,408,
1419,General Nursing,WD116,422,,,,422,,451,
1420,Psychiatric Nursing,WD117,366,,,,366,,388,
1421,Intellectual Disability Nursing,WD120,377,,,,377,,388,
1422,Agriculture,WD126,327,,,,327,,430,
1423,International Business,WD134,290,,,,290,,362,
1424,Design (Visual Communications),WD137,271,,,,271,,351,
1425,Civil Engineering,WD139,206,,,,206,,379,
1426,Laws,WD140,280,,,,280,,367,
1427,Architecture,WD144,284,,,,284,,359,
1428,Pharmaceutical Science,WD147,293,,,,293,,390,
1429,Early Childhood Studies,WD149,271,,,,271,,368,
1430,Criminal Justice Studies,WD150,270,,,,270,,331,
1431,Software Systems Development,WD151,AQA,,AQA,,AQA,,356,
1432,Visual Art,WD152,AQA,,,,AQA,,317,
1433,Multimedia Applications Development,WD153,163,,,,163,,353,
1434,Information Technology,WD155,211,,,,211,,338,
1435,Business,WD159,195,,,,195,,388,
1436,Computer Forensics and Security,WD161,255,,,,255,,380,
1437,Quantity Surveying,WD162,216,,,,216,,306,
1438,Psychology,WD163,434,,,,434,,473,
1439,Food Science with Business,WD164,309,,,,309,,440,
1440,Culinary Arts,WD172,AQA,,AQA,,AQA,,301,
1441,Hospitality Studies,WD173,AQA,,,,AQA,,310,
1442,Tourism,WD174,AQA,,,,AQA,,226,
1443,Pharmaceutical Science,WD175,226,,,,226,,392,
1444,"Science (Mol. Biology with Biopharm.,Food Science with Business,Pharm.)",WD177,222,,,,222,,473,
1445,Electrical Engineering,WD182,AQA,,,,AQA,,302,
1446,Retail Management,WD184,163,,,,163,,346,
1447,Sports Coaching and Performance,WD186,270,,,,270,,344,
1448,Social Science,WD187,272,,,,272,,348,
1449,Applied Health Care,WD188,201,,,,201,,349,
1450,Agricultural Science,WD191,377,,,,377,,420,
1451,Social Care Practice,WD192,270,,,,270,,326,
1452,Marketing and Digital Media,WD193,271,,,,271,,347,
1453,Culinary Arts,WD194,217,,,,217,,321,
1454,Architectural and Building Information Modelling Technology,WD195,279,,,,279,,367,
1455,Arts (options),WD200,AQA,,AQA,,AQA,,336,
1456,Molecular Biology with Biopharmaceutical Science,WD205,228,,,,228,,446,
1457,Electronic Engineering,WD206,179,,,,179,,373,
1458,Mechanical Engineering,WD207,198,,,,198,,365,
1459,Manufacturing Engineering,WD208,188,,,,188,,339,
1460,Software Systems Development,WD210,279,,,,279,,337,
1461,Creative Computing,WD211,271,,,,271,,318,
1462,Recreation and Sport Management,WD212,270,,,,270,,349,
1463,Mechanical and Manufacturing Engineering,WD230,253,,,,253,,369,
